Chapter,Command,Purpose,Syntax,Example,Options,Category,Difficulty,Notes
1,basename,Print the final component of a path. Basic usage.,basename PATH,basename /home/user/file.txt,None,Navigation,Easy,Use the command in its simplest practical form.
1,basename [advanced],Print the final component of a path. Advanced usage.,basename PATH,basename /home/user/file.txt,Advanced options vary by command,Navigation,Advanced,A more controlled or powerful form for deeper work.
1,basename [common options],Print the final component of a path. Common option.,basename PATH,basename /home/user/file.txt,Common options depend on the command,Navigation,Easy,A common option or combination for everyday Linux work.
1,basename [inspect],Print the final component of a path. Inspection.,basename PATH,basename /home/user/file.txt,Use command help/manual for inspection options,Navigation,Easy,Use the command to inspect or understand system state.
1,basename [target],Print the final component of a path. Targeted usage.,basename PATH,basename /home/user/file.txt,"Path, file, host, PID, or other target",Navigation,Easy,"Use the command on a specific file, path, process, or resource."
1,cd,Change the current directory. Basic usage.,cd [directory],cd ~/Documents,None,Navigation,Easy,Use the command in its simplest practical form.
1,cd [advanced],Change the current directory. Advanced usage.,cd [directory],cd ~/Documents,Advanced options vary by command,Navigation,Advanced,A more controlled or powerful form for deeper work.
1,cd [common options],Change the current directory. Common option.,cd [directory],cd ~/Documents,Common options depend on the command,Navigation,Easy,A common option or combination for everyday Linux work.
1,cd [inspect],Change the current directory. Inspection.,cd [directory],cd ~/Documents,Use command help/manual for inspection options,Navigation,Easy,Use the command to inspect or understand system state.
1,cd [target],Change the current directory. Targeted usage.,cd [directory],cd ~/Documents,"Path, file, host, PID, or other target",Navigation,Easy,"Use the command on a specific file, path, process, or resource."
1,dirname,Print the directory portion of a path. Basic usage.,dirname PATH,dirname /home/user/file.txt,None,Navigation,Easy,Use the command in its simplest practical form.
1,dirname [advanced],Print the directory portion of a path. Advanced usage.,dirname PATH,dirname /home/user/file.txt,Advanced options vary by command,Navigation,Advanced,A more controlled or powerful form for deeper work.
1,dirname [common options],Print the directory portion of a path. Common option.,dirname PATH,dirname /home/user/file.txt,Common options depend on the command,Navigation,Easy,A common option or combination for everyday Linux work.
1,dirname [inspect],Print the directory portion of a path. Inspection.,dirname PATH,dirname /home/user/file.txt,Use command help/manual for inspection options,Navigation,Easy,Use the command to inspect or understand system state.
1,dirname [target],Print the directory portion of a path. Targeted usage.,dirname PATH,dirname /home/user/file.txt,"Path, file, host, PID, or other target",Navigation,Easy,"Use the command on a specific file, path, process, or resource."
1,ls,List files and directories. Basic usage.,ls [options] [path],ls -lah,None,Navigation,Easy,Use the command in its simplest practical form.
1,ls [advanced],List files and directories. Advanced usage.,ls [options] [path],ls -lah,Advanced options vary by command,Navigation,Advanced,A more controlled or powerful form for deeper work.
1,ls [common options],List files and directories. Common option.,ls [options] [path],ls -lah,Common options depend on the command,Navigation,Easy,A common option or combination for everyday Linux work.
1,ls [inspect],List files and directories. Inspection.,ls [options] [path],ls -lah,Use command help/manual for inspection options,Navigation,Easy,Use the command to inspect or understand system state.
1,ls [target],List files and directories. Targeted usage.,ls [options] [path],ls -lah,"Path, file, host, PID, or other target",Navigation,Easy,"Use the command on a specific file, path, process, or resource."
1,pwd,Print the current working directory. Basic usage.,pwd,pwd,None,Navigation,Easy,Use the command in its simplest practical form.
1,pwd [advanced],Print the current working directory. Advanced usage.,pwd,pwd,Advanced options vary by command,Navigation,Advanced,A more controlled or powerful form for deeper work.
1,pwd [common options],Print the current working directory. Common option.,pwd,pwd,Common options depend on the command,Navigation,Easy,A common option or combination for everyday Linux work.
1,pwd [inspect],Print the current working directory. Inspection.,pwd,pwd,Use command help/manual for inspection options,Navigation,Easy,Use the command to inspect or understand system state.
1,pwd [target],Print the current working directory. Targeted usage.,pwd,pwd,"Path, file, host, PID, or other target",Navigation,Easy,"Use the command on a specific file, path, process, or resource."
1,readlink,Read a symbolic link target. Basic usage.,readlink [options] LINK,readlink -f mylink,None,Navigation,Medium,Use the command in its simplest practical form.
1,readlink [advanced],Read a symbolic link target. Advanced usage.,readlink [options] LINK,readlink -f mylink,Advanced options vary by command,Navigation,Advanced,A more controlled or powerful form for deeper work.
1,readlink [common options],Read a symbolic link target. Common option.,readlink [options] LINK,readlink -f mylink,Common options depend on the command,Navigation,Medium,A common option or combination for everyday Linux work.
1,readlink [inspect],Read a symbolic link target. Inspection.,readlink [options] LINK,readlink -f mylink,Use command help/manual for inspection options,Navigation,Medium,Use the command to inspect or understand system state.
1,readlink [target],Read a symbolic link target. Targeted usage.,readlink [options] LINK,readlink -f mylink,"Path, file, host, PID, or other target",Navigation,Medium,"Use the command on a specific file, path, process, or resource."
1,realpath,Print an absolute resolved path. Basic usage.,realpath PATH,realpath ./notes.txt,None,Navigation,Easy,Use the command in its simplest practical form.
1,realpath [advanced],Print an absolute resolved path. Advanced usage.,realpath PATH,realpath ./notes.txt,Advanced options vary by command,Navigation,Advanced,A more controlled or powerful form for deeper work.
1,realpath [common options],Print an absolute resolved path. Common option.,realpath PATH,realpath ./notes.txt,Common options depend on the command,Navigation,Easy,A common option or combination for everyday Linux work.
1,realpath [inspect],Print an absolute resolved path. Inspection.,realpath PATH,realpath ./notes.txt,Use command help/manual for inspection options,Navigation,Easy,Use the command to inspect or understand system state.
1,realpath [target],Print an absolute resolved path. Targeted usage.,realpath PATH,realpath ./notes.txt,"Path, file, host, PID, or other target",Navigation,Easy,"Use the command on a specific file, path, process, or resource."
1,tree,Display a directory tree. Basic usage.,tree [options] [path],tree -L 2,None,Navigation,Easy,Use the command in its simplest practical form.
1,tree [advanced],Display a directory tree. Advanced usage.,tree [options] [path],tree -L 2,Advanced options vary by command,Navigation,Advanced,A more controlled or powerful form for deeper work.
1,tree [common options],Display a directory tree. Common option.,tree [options] [path],tree -L 2,Common options depend on the command,Navigation,Easy,A common option or combination for everyday Linux work.
1,tree [inspect],Display a directory tree. Inspection.,tree [options] [path],tree -L 2,Use command help/manual for inspection options,Navigation,Easy,Use the command to inspect or understand system state.
1,tree [target],Display a directory tree. Targeted usage.,tree [options] [path],tree -L 2,"Path, file, host, PID, or other target",Navigation,Easy,"Use the command on a specific file, path, process, or resource."
1,whereis,"Locate binary, source, and manual files. Basic usage.",whereis [options] COMMAND,whereis python3,None,Navigation,Easy,Use the command in its simplest practical form.
1,whereis [advanced],"Locate binary, source, and manual files. Advanced usage.",whereis [options] COMMAND,whereis python3,Advanced options vary by command,Navigation,Advanced,A more controlled or powerful form for deeper work.
1,whereis [common options],"Locate binary, source, and manual files. Common option.",whereis [options] COMMAND,whereis python3,Common options depend on the command,Navigation,Easy,A common option or combination for everyday Linux work.
1,whereis [inspect],"Locate binary, source, and manual files. Inspection.",whereis [options] COMMAND,whereis python3,Use command help/manual for inspection options,Navigation,Easy,Use the command to inspect or understand system state.
1,whereis [target],"Locate binary, source, and manual files. Targeted usage.",whereis [options] COMMAND,whereis python3,"Path, file, host, PID, or other target",Navigation,Easy,"Use the command on a specific file, path, process, or resource."
1,which,Locate an executable in PATH. Basic usage.,which [options] COMMAND,which python3,None,Navigation,Easy,Use the command in its simplest practical form.
1,which [advanced],Locate an executable in PATH. Advanced usage.,which [options] COMMAND,which python3,Advanced options vary by command,Navigation,Advanced,A more controlled or powerful form for deeper work.
1,which [common options],Locate an executable in PATH. Common option.,which [options] COMMAND,which python3,Common options depend on the command,Navigation,Easy,A common option or combination for everyday Linux work.
1,which [inspect],Locate an executable in PATH. Inspection.,which [options] COMMAND,which python3,Use command help/manual for inspection options,Navigation,Easy,Use the command to inspect or understand system state.
1,which [target],Locate an executable in PATH. Targeted usage.,which [options] COMMAND,which python3,"Path, file, host, PID, or other target",Navigation,Easy,"Use the command on a specific file, path, process, or resource."
2,cp,Copy files and directories. Basic usage.,cp [options] SOURCE DEST,cp notes.txt backup.txt,None,Files,Easy,Use the command in its simplest practical form.
2,cp [advanced],Copy files and directories. Advanced usage.,cp [options] SOURCE DEST,cp notes.txt backup.txt,Advanced options vary by command,Files,Advanced,A more controlled or powerful form for deeper work.
2,cp [common options],Copy files and directories. Common option.,cp [options] SOURCE DEST,cp notes.txt backup.txt,Common options depend on the command,Files,Easy,A common option or combination for everyday Linux work.
2,cp [inspect],Copy files and directories. Inspection.,cp [options] SOURCE DEST,cp notes.txt backup.txt,Use command help/manual for inspection options,Files,Easy,Use the command to inspect or understand system state.
2,cp [target],Copy files and directories. Targeted usage.,cp [options] SOURCE DEST,cp notes.txt backup.txt,"Path, file, host, PID, or other target",Files,Easy,"Use the command on a specific file, path, process, or resource."
2,install,Copy files and set attributes. Basic usage.,install [options] SOURCE DEST,install -m 755 app.sh ~/bin/app.sh,None,Files,Medium,Use the command in its simplest practical form.
2,install [advanced],Copy files and set attributes. Advanced usage.,install [options] SOURCE DEST,install -m 755 app.sh ~/bin/app.sh,Advanced options vary by command,Files,Advanced,A more controlled or powerful form for deeper work.
2,install [common options],Copy files and set attributes. Common option.,install [options] SOURCE DEST,install -m 755 app.sh ~/bin/app.sh,Common options depend on the command,Files,Medium,A common option or combination for everyday Linux work.
2,install [inspect],Copy files and set attributes. Inspection.,install [options] SOURCE DEST,install -m 755 app.sh ~/bin/app.sh,Use command help/manual for inspection options,Files,Medium,Use the command to inspect or understand system state.
2,install [target],Copy files and set attributes. Targeted usage.,install [options] SOURCE DEST,install -m 755 app.sh ~/bin/app.sh,"Path, file, host, PID, or other target",Files,Medium,"Use the command on a specific file, path, process, or resource."
2,ln,Create hard or symbolic links. Basic usage.,ln [options] TARGET LINK,ln -s ~/project project_link,None,Files,Medium,Use the command in its simplest practical form.
2,ln [advanced],Create hard or symbolic links. Advanced usage.,ln [options] TARGET LINK,ln -s ~/project project_link,Advanced options vary by command,Files,Advanced,A more controlled or powerful form for deeper work.
2,ln [common options],Create hard or symbolic links. Common option.,ln [options] TARGET LINK,ln -s ~/project project_link,Common options depend on the command,Files,Medium,A common option or combination for everyday Linux work.
2,ln [inspect],Create hard or symbolic links. Inspection.,ln [options] TARGET LINK,ln -s ~/project project_link,Use command help/manual for inspection options,Files,Medium,Use the command to inspect or understand system state.
2,ln [target],Create hard or symbolic links. Targeted usage.,ln [options] TARGET LINK,ln -s ~/project project_link,"Path, file, host, PID, or other target",Files,Medium,"Use the command on a specific file, path, process, or resource."
2,mkdir,Create directories. Basic usage.,mkdir [options] DIRECTORY,mkdir -p project/src/data,None,Files,Easy,Use the command in its simplest practical form.
2,mkdir [advanced],Create directories. Advanced usage.,mkdir [options] DIRECTORY,mkdir -p project/src/data,Advanced options vary by command,Files,Advanced,A more controlled or powerful form for deeper work.
2,mkdir [common options],Create directories. Common option.,mkdir [options] DIRECTORY,mkdir -p project/src/data,Common options depend on the command,Files,Easy,A common option or combination for everyday Linux work.
2,mkdir [inspect],Create directories. Inspection.,mkdir [options] DIRECTORY,mkdir -p project/src/data,Use command help/manual for inspection options,Files,Easy,Use the command to inspect or understand system state.
2,mkdir [target],Create directories. Targeted usage.,mkdir [options] DIRECTORY,mkdir -p project/src/data,"Path, file, host, PID, or other target",Files,Easy,"Use the command on a specific file, path, process, or resource."
2,mktemp,Create a temporary file or directory. Basic usage.,mktemp [options] TEMPLATE,mktemp -d /tmp/orbit.XXXXXX,None,Files,Medium,Use the command in its simplest practical form.
2,mktemp [advanced],Create a temporary file or directory. Advanced usage.,mktemp [options] TEMPLATE,mktemp -d /tmp/orbit.XXXXXX,Advanced options vary by command,Files,Advanced,A more controlled or powerful form for deeper work.
2,mktemp [common options],Create a temporary file or directory. Common option.,mktemp [options] TEMPLATE,mktemp -d /tmp/orbit.XXXXXX,Common options depend on the command,Files,Medium,A common option or combination for everyday Linux work.
2,mktemp [inspect],Create a temporary file or directory. Inspection.,mktemp [options] TEMPLATE,mktemp -d /tmp/orbit.XXXXXX,Use command help/manual for inspection options,Files,Medium,Use the command to inspect or understand system state.
2,mktemp [target],Create a temporary file or directory. Targeted usage.,mktemp [options] TEMPLATE,mktemp -d /tmp/orbit.XXXXXX,"Path, file, host, PID, or other target",Files,Medium,"Use the command on a specific file, path, process, or resource."
2,mv,Move or rename files. Basic usage.,mv [options] SOURCE DEST,mv old.txt new.txt,None,Files,Easy,Use the command in its simplest practical form.
2,mv [advanced],Move or rename files. Advanced usage.,mv [options] SOURCE DEST,mv old.txt new.txt,Advanced options vary by command,Files,Advanced,A more controlled or powerful form for deeper work.
2,mv [common options],Move or rename files. Common option.,mv [options] SOURCE DEST,mv old.txt new.txt,Common options depend on the command,Files,Easy,A common option or combination for everyday Linux work.
2,mv [inspect],Move or rename files. Inspection.,mv [options] SOURCE DEST,mv old.txt new.txt,Use command help/manual for inspection options,Files,Easy,Use the command to inspect or understand system state.
2,mv [target],Move or rename files. Targeted usage.,mv [options] SOURCE DEST,mv old.txt new.txt,"Path, file, host, PID, or other target",Files,Easy,"Use the command on a specific file, path, process, or resource."
2,rm,Remove files and directories. Basic usage.,rm [options] FILE,rm -i notes.txt,None,Files,Easy,Use the command in its simplest practical form.
2,rm [advanced],Remove files and directories. Advanced usage.,rm [options] FILE,rm -i notes.txt,Advanced options vary by command,Files,Advanced,A more controlled or powerful form for deeper work.
2,rm [common options],Remove files and directories. Common option.,rm [options] FILE,rm -i notes.txt,Common options depend on the command,Files,Easy,A common option or combination for everyday Linux work.
2,rm [inspect],Remove files and directories. Inspection.,rm [options] FILE,rm -i notes.txt,Use command help/manual for inspection options,Files,Easy,Use the command to inspect or understand system state.
2,rm [target],Remove files and directories. Targeted usage.,rm [options] FILE,rm -i notes.txt,"Path, file, host, PID, or other target",Files,Easy,"Use the command on a specific file, path, process, or resource."
2,rmdir,Remove empty directories. Basic usage.,rmdir [options] DIRECTORY,rmdir old_folder,None,Files,Easy,Use the command in its simplest practical form.
2,rmdir [advanced],Remove empty directories. Advanced usage.,rmdir [options] DIRECTORY,rmdir old_folder,Advanced options vary by command,Files,Advanced,A more controlled or powerful form for deeper work.
2,rmdir [common options],Remove empty directories. Common option.,rmdir [options] DIRECTORY,rmdir old_folder,Common options depend on the command,Files,Easy,A common option or combination for everyday Linux work.
2,rmdir [inspect],Remove empty directories. Inspection.,rmdir [options] DIRECTORY,rmdir old_folder,Use command help/manual for inspection options,Files,Easy,Use the command to inspect or understand system state.
2,rmdir [target],Remove empty directories. Targeted usage.,rmdir [options] DIRECTORY,rmdir old_folder,"Path, file, host, PID, or other target",Files,Easy,"Use the command on a specific file, path, process, or resource."
2,touch,Create files or update timestamps. Basic usage.,touch [options] FILE,touch notes.txt,None,Files,Easy,Use the command in its simplest practical form.
2,touch [advanced],Create files or update timestamps. Advanced usage.,touch [options] FILE,touch notes.txt,Advanced options vary by command,Files,Advanced,A more controlled or powerful form for deeper work.
2,touch [common options],Create files or update timestamps. Common option.,touch [options] FILE,touch notes.txt,Common options depend on the command,Files,Easy,A common option or combination for everyday Linux work.
2,touch [inspect],Create files or update timestamps. Inspection.,touch [options] FILE,touch notes.txt,Use command help/manual for inspection options,Files,Easy,Use the command to inspect or understand system state.
2,touch [target],Create files or update timestamps. Targeted usage.,touch [options] FILE,touch notes.txt,"Path, file, host, PID, or other target",Files,Easy,"Use the command on a specific file, path, process, or resource."
2,truncate,Change a file's size. Basic usage.,truncate [options] FILE,truncate -s 0 log.txt,None,Files,Medium,Use the command in its simplest practical form.
2,truncate [advanced],Change a file's size. Advanced usage.,truncate [options] FILE,truncate -s 0 log.txt,Advanced options vary by command,Files,Advanced,A more controlled or powerful form for deeper work.
2,truncate [common options],Change a file's size. Common option.,truncate [options] FILE,truncate -s 0 log.txt,Common options depend on the command,Files,Medium,A common option or combination for everyday Linux work.
2,truncate [inspect],Change a file's size. Inspection.,truncate [options] FILE,truncate -s 0 log.txt,Use command help/manual for inspection options,Files,Medium,Use the command to inspect or understand system state.
2,truncate [target],Change a file's size. Targeted usage.,truncate [options] FILE,truncate -s 0 log.txt,"Path, file, host, PID, or other target",Files,Medium,"Use the command on a specific file, path, process, or resource."
3,awk,Process structured text by fields. Basic usage.,awk 'PROGRAM' FILE,"awk -F, '{print $1}' data.csv",None,Text,Medium,Use the command in its simplest practical form.
3,awk [advanced],Process structured text by fields. Advanced usage.,awk 'PROGRAM' FILE,"awk -F, '{print $1}' data.csv",Advanced options vary by command,Text,Advanced,A more controlled or powerful form for deeper work.
3,awk [common options],Process structured text by fields. Common option.,awk 'PROGRAM' FILE,"awk -F, '{print $1}' data.csv",Common options depend on the command,Text,Medium,A common option or combination for everyday Linux work.
3,awk [inspect],Process structured text by fields. Inspection.,awk 'PROGRAM' FILE,"awk -F, '{print $1}' data.csv",Use command help/manual for inspection options,Text,Medium,Use the command to inspect or understand system state.
3,awk [target],Process structured text by fields. Targeted usage.,awk 'PROGRAM' FILE,"awk -F, '{print $1}' data.csv","Path, file, host, PID, or other target",Text,Medium,"Use the command on a specific file, path, process, or resource."
3,cat,Display file contents. Basic usage.,cat [options] FILE,cat notes.txt,None,Text,Easy,Use the command in its simplest practical form.
3,cat [advanced],Display file contents. Advanced usage.,cat [options] FILE,cat notes.txt,Advanced options vary by command,Text,Advanced,A more controlled or powerful form for deeper work.
3,cat [common options],Display file contents. Common option.,cat [options] FILE,cat notes.txt,Common options depend on the command,Text,Easy,A common option or combination for everyday Linux work.
3,cat [inspect],Display file contents. Inspection.,cat [options] FILE,cat notes.txt,Use command help/manual for inspection options,Text,Easy,Use the command to inspect or understand system state.
3,cat [target],Display file contents. Targeted usage.,cat [options] FILE,cat notes.txt,"Path, file, host, PID, or other target",Text,Easy,"Use the command on a specific file, path, process, or resource."
3,cut,Extract columns or character ranges. Basic usage.,cut [options] FILE,"cut -d, -f1 data.csv",None,Text,Easy,Use the command in its simplest practical form.
3,cut [advanced],Extract columns or character ranges. Advanced usage.,cut [options] FILE,"cut -d, -f1 data.csv",Advanced options vary by command,Text,Advanced,A more controlled or powerful form for deeper work.
3,cut [common options],Extract columns or character ranges. Common option.,cut [options] FILE,"cut -d, -f1 data.csv",Common options depend on the command,Text,Easy,A common option or combination for everyday Linux work.
3,cut [inspect],Extract columns or character ranges. Inspection.,cut [options] FILE,"cut -d, -f1 data.csv",Use command help/manual for inspection options,Text,Easy,Use the command to inspect or understand system state.
3,cut [target],Extract columns or character ranges. Targeted usage.,cut [options] FILE,"cut -d, -f1 data.csv","Path, file, host, PID, or other target",Text,Easy,"Use the command on a specific file, path, process, or resource."
3,head,Display the beginning of a file. Basic usage.,head [options] FILE,head -n 20 data.csv,None,Text,Easy,Use the command in its simplest practical form.
3,head [advanced],Display the beginning of a file. Advanced usage.,head [options] FILE,head -n 20 data.csv,Advanced options vary by command,Text,Advanced,A more controlled or powerful form for deeper work.
3,head [common options],Display the beginning of a file. Common option.,head [options] FILE,head -n 20 data.csv,Common options depend on the command,Text,Easy,A common option or combination for everyday Linux work.
3,head [inspect],Display the beginning of a file. Inspection.,head [options] FILE,head -n 20 data.csv,Use command help/manual for inspection options,Text,Easy,Use the command to inspect or understand system state.
3,head [target],Display the beginning of a file. Targeted usage.,head [options] FILE,head -n 20 data.csv,"Path, file, host, PID, or other target",Text,Easy,"Use the command on a specific file, path, process, or resource."
3,less,View text one screen at a time. Basic usage.,less FILE,less README.md,None,Text,Easy,Use the command in its simplest practical form.
3,less [advanced],View text one screen at a time. Advanced usage.,less FILE,less README.md,Advanced options vary by command,Text,Advanced,A more controlled or powerful form for deeper work.
3,less [common options],View text one screen at a time. Common option.,less FILE,less README.md,Common options depend on the command,Text,Easy,A common option or combination for everyday Linux work.
3,less [inspect],View text one screen at a time. Inspection.,less FILE,less README.md,Use command help/manual for inspection options,Text,Easy,Use the command to inspect or understand system state.
3,less [target],View text one screen at a time. Targeted usage.,less FILE,less README.md,"Path, file, host, PID, or other target",Text,Easy,"Use the command on a specific file, path, process, or resource."
3,more,View text page by page. Basic usage.,more FILE,more README.md,None,Text,Easy,Use the command in its simplest practical form.
3,more [advanced],View text page by page. Advanced usage.,more FILE,more README.md,Advanced options vary by command,Text,Advanced,A more controlled or powerful form for deeper work.
3,more [common options],View text page by page. Common option.,more FILE,more README.md,Common options depend on the command,Text,Easy,A common option or combination for everyday Linux work.
3,more [inspect],View text page by page. Inspection.,more FILE,more README.md,Use command help/manual for inspection options,Text,Easy,Use the command to inspect or understand system state.
3,more [target],View text page by page. Targeted usage.,more FILE,more README.md,"Path, file, host, PID, or other target",Text,Easy,"Use the command on a specific file, path, process, or resource."
3,nl,Number lines of text. Basic usage.,nl [options] FILE,nl -ba script.py,None,Text,Easy,Use the command in its simplest practical form.
3,nl [advanced],Number lines of text. Advanced usage.,nl [options] FILE,nl -ba script.py,Advanced options vary by command,Text,Advanced,A more controlled or powerful form for deeper work.
3,nl [common options],Number lines of text. Common option.,nl [options] FILE,nl -ba script.py,Common options depend on the command,Text,Easy,A common option or combination for everyday Linux work.
3,nl [inspect],Number lines of text. Inspection.,nl [options] FILE,nl -ba script.py,Use command help/manual for inspection options,Text,Easy,Use the command to inspect or understand system state.
3,nl [target],Number lines of text. Targeted usage.,nl [options] FILE,nl -ba script.py,"Path, file, host, PID, or other target",Text,Easy,"Use the command on a specific file, path, process, or resource."
3,paste,Merge lines from files. Basic usage.,paste [options] FILES,paste names.txt scores.txt,None,Text,Easy,Use the command in its simplest practical form.
3,paste [advanced],Merge lines from files. Advanced usage.,paste [options] FILES,paste names.txt scores.txt,Advanced options vary by command,Text,Advanced,A more controlled or powerful form for deeper work.
3,paste [common options],Merge lines from files. Common option.,paste [options] FILES,paste names.txt scores.txt,Common options depend on the command,Text,Easy,A common option or combination for everyday Linux work.
3,paste [inspect],Merge lines from files. Inspection.,paste [options] FILES,paste names.txt scores.txt,Use command help/manual for inspection options,Text,Easy,Use the command to inspect or understand system state.
3,paste [target],Merge lines from files. Targeted usage.,paste [options] FILES,paste names.txt scores.txt,"Path, file, host, PID, or other target",Text,Easy,"Use the command on a specific file, path, process, or resource."
3,sed,Stream editor for transforming text. Basic usage.,sed [options] SCRIPT FILE,sed 's/old/new/g' file.txt,None,Text,Medium,Use the command in its simplest practical form.
3,sed [advanced],Stream editor for transforming text. Advanced usage.,sed [options] SCRIPT FILE,sed 's/old/new/g' file.txt,Advanced options vary by command,Text,Advanced,A more controlled or powerful form for deeper work.
3,sed [common options],Stream editor for transforming text. Common option.,sed [options] SCRIPT FILE,sed 's/old/new/g' file.txt,Common options depend on the command,Text,Medium,A common option or combination for everyday Linux work.
3,sed [inspect],Stream editor for transforming text. Inspection.,sed [options] SCRIPT FILE,sed 's/old/new/g' file.txt,Use command help/manual for inspection options,Text,Medium,Use the command to inspect or understand system state.
3,sed [target],Stream editor for transforming text. Targeted usage.,sed [options] SCRIPT FILE,sed 's/old/new/g' file.txt,"Path, file, host, PID, or other target",Text,Medium,"Use the command on a specific file, path, process, or resource."
3,sort,Sort lines of text. Basic usage.,sort [options] FILE,sort -nr scores.txt,None,Text,Easy,Use the command in its simplest practical form.
3,sort [advanced],Sort lines of text. Advanced usage.,sort [options] FILE,sort -nr scores.txt,Advanced options vary by command,Text,Advanced,A more controlled or powerful form for deeper work.
3,sort [common options],Sort lines of text. Common option.,sort [options] FILE,sort -nr scores.txt,Common options depend on the command,Text,Easy,A common option or combination for everyday Linux work.
3,sort [inspect],Sort lines of text. Inspection.,sort [options] FILE,sort -nr scores.txt,Use command help/manual for inspection options,Text,Easy,Use the command to inspect or understand system state.
3,sort [target],Sort lines of text. Targeted usage.,sort [options] FILE,sort -nr scores.txt,"Path, file, host, PID, or other target",Text,Easy,"Use the command on a specific file, path, process, or resource."
3,tac,Display file contents in reverse order. Basic usage.,tac [options] FILE,tac log.txt,None,Text,Easy,Use the command in its simplest practical form.
3,tac [advanced],Display file contents in reverse order. Advanced usage.,tac [options] FILE,tac log.txt,Advanced options vary by command,Text,Advanced,A more controlled or powerful form for deeper work.
3,tac [common options],Display file contents in reverse order. Common option.,tac [options] FILE,tac log.txt,Common options depend on the command,Text,Easy,A common option or combination for everyday Linux work.
3,tac [inspect],Display file contents in reverse order. Inspection.,tac [options] FILE,tac log.txt,Use command help/manual for inspection options,Text,Easy,Use the command to inspect or understand system state.
3,tac [target],Display file contents in reverse order. Targeted usage.,tac [options] FILE,tac log.txt,"Path, file, host, PID, or other target",Text,Easy,"Use the command on a specific file, path, process, or resource."
3,tail,Display the end of a file. Basic usage.,tail [options] FILE,tail -n 20 log.txt,None,Text,Easy,Use the command in its simplest practical form.
3,tail [advanced],Display the end of a file. Advanced usage.,tail [options] FILE,tail -n 20 log.txt,Advanced options vary by command,Text,Advanced,A more controlled or powerful form for deeper work.
3,tail [common options],Display the end of a file. Common option.,tail [options] FILE,tail -n 20 log.txt,Common options depend on the command,Text,Easy,A common option or combination for everyday Linux work.
3,tail [inspect],Display the end of a file. Inspection.,tail [options] FILE,tail -n 20 log.txt,Use command help/manual for inspection options,Text,Easy,Use the command to inspect or understand system state.
3,tail [target],Display the end of a file. Targeted usage.,tail [options] FILE,tail -n 20 log.txt,"Path, file, host, PID, or other target",Text,Easy,"Use the command on a specific file, path, process, or resource."
3,tr,Translate or delete characters. Basic usage.,tr [options] SET1 SET2,tr 'a-z' 'A-Z' < file.txt,None,Text,Easy,Use the command in its simplest practical form.
3,tr [advanced],Translate or delete characters. Advanced usage.,tr [options] SET1 SET2,tr 'a-z' 'A-Z' < file.txt,Advanced options vary by command,Text,Advanced,A more controlled or powerful form for deeper work.
3,tr [common options],Translate or delete characters. Common option.,tr [options] SET1 SET2,tr 'a-z' 'A-Z' < file.txt,Common options depend on the command,Text,Easy,A common option or combination for everyday Linux work.
3,tr [inspect],Translate or delete characters. Inspection.,tr [options] SET1 SET2,tr 'a-z' 'A-Z' < file.txt,Use command help/manual for inspection options,Text,Easy,Use the command to inspect or understand system state.
3,tr [target],Translate or delete characters. Targeted usage.,tr [options] SET1 SET2,tr 'a-z' 'A-Z' < file.txt,"Path, file, host, PID, or other target",Text,Easy,"Use the command on a specific file, path, process, or resource."
3,uniq,Report or remove repeated adjacent lines. Basic usage.,uniq [options] FILE,uniq -c names.txt,None,Text,Easy,Use the command in its simplest practical form.
3,uniq [advanced],Report or remove repeated adjacent lines. Advanced usage.,uniq [options] FILE,uniq -c names.txt,Advanced options vary by command,Text,Advanced,A more controlled or powerful form for deeper work.
3,uniq [common options],Report or remove repeated adjacent lines. Common option.,uniq [options] FILE,uniq -c names.txt,Common options depend on the command,Text,Easy,A common option or combination for everyday Linux work.
3,uniq [inspect],Report or remove repeated adjacent lines. Inspection.,uniq [options] FILE,uniq -c names.txt,Use command help/manual for inspection options,Text,Easy,Use the command to inspect or understand system state.
3,uniq [target],Report or remove repeated adjacent lines. Targeted usage.,uniq [options] FILE,uniq -c names.txt,"Path, file, host, PID, or other target",Text,Easy,"Use the command on a specific file, path, process, or resource."
3,wc,"Count lines, words, and bytes. Basic usage.",wc [options] FILE,wc -l data.csv,None,Text,Easy,Use the command in its simplest practical form.
3,wc [advanced],"Count lines, words, and bytes. Advanced usage.",wc [options] FILE,wc -l data.csv,Advanced options vary by command,Text,Advanced,A more controlled or powerful form for deeper work.
3,wc [common options],"Count lines, words, and bytes. Common option.",wc [options] FILE,wc -l data.csv,Common options depend on the command,Text,Easy,A common option or combination for everyday Linux work.
3,wc [inspect],"Count lines, words, and bytes. Inspection.",wc [options] FILE,wc -l data.csv,Use command help/manual for inspection options,Text,Easy,Use the command to inspect or understand system state.
3,wc [target],"Count lines, words, and bytes. Targeted usage.",wc [options] FILE,wc -l data.csv,"Path, file, host, PID, or other target",Text,Easy,"Use the command on a specific file, path, process, or resource."
4,egrep,Search using extended regular expressions. Basic usage.,egrep [options] PATTERN FILE,egrep -i 'error|warning' app.log,None,Search,Medium,Use the command in its simplest practical form.
4,egrep [advanced],Search using extended regular expressions. Advanced usage.,egrep [options] PATTERN FILE,egrep -i 'error|warning' app.log,Advanced options vary by command,Search,Advanced,A more controlled or powerful form for deeper work.
4,egrep [common options],Search using extended regular expressions. Common option.,egrep [options] PATTERN FILE,egrep -i 'error|warning' app.log,Common options depend on the command,Search,Medium,A common option or combination for everyday Linux work.
4,egrep [inspect],Search using extended regular expressions. Inspection.,egrep [options] PATTERN FILE,egrep -i 'error|warning' app.log,Use command help/manual for inspection options,Search,Medium,Use the command to inspect or understand system state.
4,egrep [target],Search using extended regular expressions. Targeted usage.,egrep [options] PATTERN FILE,egrep -i 'error|warning' app.log,"Path, file, host, PID, or other target",Search,Medium,"Use the command on a specific file, path, process, or resource."
4,fgrep,Search for a fixed string. Basic usage.,fgrep [options] STRING FILE,fgrep -n 'TODO' notes.txt,None,Search,Easy,Use the command in its simplest practical form.
4,fgrep [advanced],Search for a fixed string. Advanced usage.,fgrep [options] STRING FILE,fgrep -n 'TODO' notes.txt,Advanced options vary by command,Search,Advanced,A more controlled or powerful form for deeper work.
4,fgrep [common options],Search for a fixed string. Common option.,fgrep [options] STRING FILE,fgrep -n 'TODO' notes.txt,Common options depend on the command,Search,Easy,A common option or combination for everyday Linux work.
4,fgrep [inspect],Search for a fixed string. Inspection.,fgrep [options] STRING FILE,fgrep -n 'TODO' notes.txt,Use command help/manual for inspection options,Search,Easy,Use the command to inspect or understand system state.
4,fgrep [target],Search for a fixed string. Targeted usage.,fgrep [options] STRING FILE,fgrep -n 'TODO' notes.txt,"Path, file, host, PID, or other target",Search,Easy,"Use the command on a specific file, path, process, or resource."
4,find,Search for files and directories. Basic usage.,find PATH [tests],find . -type f -name '*.py',None,Search,Medium,Use the command in its simplest practical form.
4,find [advanced],Search for files and directories. Advanced usage.,find PATH [tests],find . -type f -name '*.py',Advanced options vary by command,Search,Advanced,A more controlled or powerful form for deeper work.
4,find [common options],Search for files and directories. Common option.,find PATH [tests],find . -type f -name '*.py',Common options depend on the command,Search,Medium,A common option or combination for everyday Linux work.
4,find [inspect],Search for files and directories. Inspection.,find PATH [tests],find . -type f -name '*.py',Use command help/manual for inspection options,Search,Medium,Use the command to inspect or understand system state.
4,find [target],Search for files and directories. Targeted usage.,find PATH [tests],find . -type f -name '*.py',"Path, file, host, PID, or other target",Search,Medium,"Use the command on a specific file, path, process, or resource."
4,grep,Search text using patterns. Basic usage.,grep [options] PATTERN FILE,grep -n 'error' app.log,None,Search,Easy,Use the command in its simplest practical form.
4,grep [advanced],Search text using patterns. Advanced usage.,grep [options] PATTERN FILE,grep -n 'error' app.log,Advanced options vary by command,Search,Advanced,A more controlled or powerful form for deeper work.
4,grep [common options],Search text using patterns. Common option.,grep [options] PATTERN FILE,grep -n 'error' app.log,Common options depend on the command,Search,Easy,A common option or combination for everyday Linux work.
4,grep [inspect],Search text using patterns. Inspection.,grep [options] PATTERN FILE,grep -n 'error' app.log,Use command help/manual for inspection options,Search,Easy,Use the command to inspect or understand system state.
4,grep [target],Search text using patterns. Targeted usage.,grep [options] PATTERN FILE,grep -n 'error' app.log,"Path, file, host, PID, or other target",Search,Easy,"Use the command on a specific file, path, process, or resource."
4,xargs,Build command lines from standard input. Basic usage.,xargs [options] COMMAND,printf '%s\n' a b | xargs -n1 echo,None,Search,Medium,Use the command in its simplest practical form.
4,xargs [advanced],Build command lines from standard input. Advanced usage.,xargs [options] COMMAND,printf '%s\n' a b | xargs -n1 echo,Advanced options vary by command,Search,Advanced,A more controlled or powerful form for deeper work.
4,xargs [common options],Build command lines from standard input. Common option.,xargs [options] COMMAND,printf '%s\n' a b | xargs -n1 echo,Common options depend on the command,Search,Medium,A common option or combination for everyday Linux work.
4,xargs [inspect],Build command lines from standard input. Inspection.,xargs [options] COMMAND,printf '%s\n' a b | xargs -n1 echo,Use command help/manual for inspection options,Search,Medium,Use the command to inspect or understand system state.
4,xargs [target],Build command lines from standard input. Targeted usage.,xargs [options] COMMAND,printf '%s\n' a b | xargs -n1 echo,"Path, file, host, PID, or other target",Search,Medium,"Use the command on a specific file, path, process, or resource."
5,chgrp,Change file group ownership. Basic usage.,chgrp [options] GROUP FILE,sudo chgrp developers project/,None,Permissions,Medium,Use the command in its simplest practical form.
5,chgrp [advanced],Change file group ownership. Advanced usage.,chgrp [options] GROUP FILE,sudo chgrp developers project/,Advanced options vary by command,Permissions,Advanced,A more controlled or powerful form for deeper work.
5,chgrp [common options],Change file group ownership. Common option.,chgrp [options] GROUP FILE,sudo chgrp developers project/,Common options depend on the command,Permissions,Medium,A common option or combination for everyday Linux work.
5,chgrp [inspect],Change file group ownership. Inspection.,chgrp [options] GROUP FILE,sudo chgrp developers project/,Use command help/manual for inspection options,Permissions,Medium,Use the command to inspect or understand system state.
5,chgrp [target],Change file group ownership. Targeted usage.,chgrp [options] GROUP FILE,sudo chgrp developers project/,"Path, file, host, PID, or other target",Permissions,Medium,"Use the command on a specific file, path, process, or resource."
5,chmod,Change file permissions. Basic usage.,chmod [options] MODE FILE,chmod 755 script.sh,None,Permissions,Easy,Use the command in its simplest practical form.
5,chmod [advanced],Change file permissions. Advanced usage.,chmod [options] MODE FILE,chmod 755 script.sh,Advanced options vary by command,Permissions,Advanced,A more controlled or powerful form for deeper work.
5,chmod [common options],Change file permissions. Common option.,chmod [options] MODE FILE,chmod 755 script.sh,Common options depend on the command,Permissions,Easy,A common option or combination for everyday Linux work.
5,chmod [inspect],Change file permissions. Inspection.,chmod [options] MODE FILE,chmod 755 script.sh,Use command help/manual for inspection options,Permissions,Easy,Use the command to inspect or understand system state.
5,chmod [target],Change file permissions. Targeted usage.,chmod [options] MODE FILE,chmod 755 script.sh,"Path, file, host, PID, or other target",Permissions,Easy,"Use the command on a specific file, path, process, or resource."
5,chown,Change file owner and group. Basic usage.,chown [options] OWNER[:GROUP] FILE,sudo chown user:users file.txt,None,Permissions,Medium,Use the command in its simplest practical form.
5,chown [advanced],Change file owner and group. Advanced usage.,chown [options] OWNER[:GROUP] FILE,sudo chown user:users file.txt,Advanced options vary by command,Permissions,Advanced,A more controlled or powerful form for deeper work.
5,chown [common options],Change file owner and group. Common option.,chown [options] OWNER[:GROUP] FILE,sudo chown user:users file.txt,Common options depend on the command,Permissions,Medium,A common option or combination for everyday Linux work.
5,chown [inspect],Change file owner and group. Inspection.,chown [options] OWNER[:GROUP] FILE,sudo chown user:users file.txt,Use command help/manual for inspection options,Permissions,Medium,Use the command to inspect or understand system state.
5,chown [target],Change file owner and group. Targeted usage.,chown [options] OWNER[:GROUP] FILE,sudo chown user:users file.txt,"Path, file, host, PID, or other target",Permissions,Medium,"Use the command on a specific file, path, process, or resource."
5,umask,Set default permission mask. Basic usage.,umask [options] [MASK],umask 027,None,Permissions,Medium,Use the command in its simplest practical form.
5,umask [advanced],Set default permission mask. Advanced usage.,umask [options] [MASK],umask 027,Advanced options vary by command,Permissions,Advanced,A more controlled or powerful form for deeper work.
5,umask [common options],Set default permission mask. Common option.,umask [options] [MASK],umask 027,Common options depend on the command,Permissions,Medium,A common option or combination for everyday Linux work.
5,umask [inspect],Set default permission mask. Inspection.,umask [options] [MASK],umask 027,Use command help/manual for inspection options,Permissions,Medium,Use the command to inspect or understand system state.
5,umask [target],Set default permission mask. Targeted usage.,umask [options] [MASK],umask 027,"Path, file, host, PID, or other target",Permissions,Medium,"Use the command on a specific file, path, process, or resource."
5,groups,Show a user's groups. Basic usage.,groups [USER],groups malaika,None,Users,Easy,Use the command in its simplest practical form.
5,groups [advanced],Show a user's groups. Advanced usage.,groups [USER],groups malaika,Advanced options vary by command,Users,Advanced,A more controlled or powerful form for deeper work.
5,groups [common options],Show a user's groups. Common option.,groups [USER],groups malaika,Common options depend on the command,Users,Easy,A common option or combination for everyday Linux work.
5,groups [inspect],Show a user's groups. Inspection.,groups [USER],groups malaika,Use command help/manual for inspection options,Users,Easy,Use the command to inspect or understand system state.
5,groups [target],Show a user's groups. Targeted usage.,groups [USER],groups malaika,"Path, file, host, PID, or other target",Users,Easy,"Use the command on a specific file, path, process, or resource."
5,id,Display user and group IDs. Basic usage.,id [options] [USER],id,None,Users,Easy,Use the command in its simplest practical form.
5,id [advanced],Display user and group IDs. Advanced usage.,id [options] [USER],id,Advanced options vary by command,Users,Advanced,A more controlled or powerful form for deeper work.
5,id [common options],Display user and group IDs. Common option.,id [options] [USER],id,Common options depend on the command,Users,Easy,A common option or combination for everyday Linux work.
5,id [inspect],Display user and group IDs. Inspection.,id [options] [USER],id,Use command help/manual for inspection options,Users,Easy,Use the command to inspect or understand system state.
5,id [target],Display user and group IDs. Targeted usage.,id [options] [USER],id,"Path, file, host, PID, or other target",Users,Easy,"Use the command on a specific file, path, process, or resource."
5,passwd,Change a user's password. Basic usage.,passwd [options] [USER],passwd,None,Users,Easy,Use the command in its simplest practical form.
5,passwd [advanced],Change a user's password. Advanced usage.,passwd [options] [USER],passwd,Advanced options vary by command,Users,Advanced,A more controlled or powerful form for deeper work.
5,passwd [common options],Change a user's password. Common option.,passwd [options] [USER],passwd,Common options depend on the command,Users,Easy,A common option or combination for everyday Linux work.
5,passwd [inspect],Change a user's password. Inspection.,passwd [options] [USER],passwd,Use command help/manual for inspection options,Users,Easy,Use the command to inspect or understand system state.
5,passwd [target],Change a user's password. Targeted usage.,passwd [options] [USER],passwd,"Path, file, host, PID, or other target",Users,Easy,"Use the command on a specific file, path, process, or resource."
5,w,Show logged-in users and activity. Basic usage.,w [options],w,None,Users,Easy,Use the command in its simplest practical form.
5,w [advanced],Show logged-in users and activity. Advanced usage.,w [options],w,Advanced options vary by command,Users,Advanced,A more controlled or powerful form for deeper work.
5,w [common options],Show logged-in users and activity. Common option.,w [options],w,Common options depend on the command,Users,Easy,A common option or combination for everyday Linux work.
5,w [inspect],Show logged-in users and activity. Inspection.,w [options],w,Use command help/manual for inspection options,Users,Easy,Use the command to inspect or understand system state.
5,w [target],Show logged-in users and activity. Targeted usage.,w [options],w,"Path, file, host, PID, or other target",Users,Easy,"Use the command on a specific file, path, process, or resource."
5,who,Show logged-in users. Basic usage.,who [options],who,None,Users,Easy,Use the command in its simplest practical form.
5,who [advanced],Show logged-in users. Advanced usage.,who [options],who,Advanced options vary by command,Users,Advanced,A more controlled or powerful form for deeper work.
5,who [common options],Show logged-in users. Common option.,who [options],who,Common options depend on the command,Users,Easy,A common option or combination for everyday Linux work.
5,who [inspect],Show logged-in users. Inspection.,who [options],who,Use command help/manual for inspection options,Users,Easy,Use the command to inspect or understand system state.
5,who [target],Show logged-in users. Targeted usage.,who [options],who,"Path, file, host, PID, or other target",Users,Easy,"Use the command on a specific file, path, process, or resource."
5,whoami,Print the current username. Basic usage.,whoami,whoami,None,Users,Easy,Use the command in its simplest practical form.
5,whoami [advanced],Print the current username. Advanced usage.,whoami,whoami,Advanced options vary by command,Users,Advanced,A more controlled or powerful form for deeper work.
5,whoami [common options],Print the current username. Common option.,whoami,whoami,Common options depend on the command,Users,Easy,A common option or combination for everyday Linux work.
5,whoami [inspect],Print the current username. Inspection.,whoami,whoami,Use command help/manual for inspection options,Users,Easy,Use the command to inspect or understand system state.
5,whoami [target],Print the current username. Targeted usage.,whoami,whoami,"Path, file, host, PID, or other target",Users,Easy,"Use the command on a specific file, path, process, or resource."
6,bg,Resume a stopped job in the background. Basic usage.,bg [JOB],bg %1,None,Processes,Easy,Use the command in its simplest practical form.
6,bg [advanced],Resume a stopped job in the background. Advanced usage.,bg [JOB],bg %1,Advanced options vary by command,Processes,Advanced,A more controlled or powerful form for deeper work.
6,bg [common options],Resume a stopped job in the background. Common option.,bg [JOB],bg %1,Common options depend on the command,Processes,Easy,A common option or combination for everyday Linux work.
6,bg [inspect],Resume a stopped job in the background. Inspection.,bg [JOB],bg %1,Use command help/manual for inspection options,Processes,Easy,Use the command to inspect or understand system state.
6,bg [target],Resume a stopped job in the background. Targeted usage.,bg [JOB],bg %1,"Path, file, host, PID, or other target",Processes,Easy,"Use the command on a specific file, path, process, or resource."
6,fg,Bring a background job to the foreground. Basic usage.,fg [JOB],fg %1,None,Processes,Easy,Use the command in its simplest practical form.
6,fg [advanced],Bring a background job to the foreground. Advanced usage.,fg [JOB],fg %1,Advanced options vary by command,Processes,Advanced,A more controlled or powerful form for deeper work.
6,fg [common options],Bring a background job to the foreground. Common option.,fg [JOB],fg %1,Common options depend on the command,Processes,Easy,A common option or combination for everyday Linux work.
6,fg [inspect],Bring a background job to the foreground. Inspection.,fg [JOB],fg %1,Use command help/manual for inspection options,Processes,Easy,Use the command to inspect or understand system state.
6,fg [target],Bring a background job to the foreground. Targeted usage.,fg [JOB],fg %1,"Path, file, host, PID, or other target",Processes,Easy,"Use the command on a specific file, path, process, or resource."
6,htop,Interactive process viewer. Basic usage.,htop [options],htop,None,Processes,Easy,Use the command in its simplest practical form.
6,htop [advanced],Interactive process viewer. Advanced usage.,htop [options],htop,Advanced options vary by command,Processes,Advanced,A more controlled or powerful form for deeper work.
6,htop [common options],Interactive process viewer. Common option.,htop [options],htop,Common options depend on the command,Processes,Easy,A common option or combination for everyday Linux work.
6,htop [inspect],Interactive process viewer. Inspection.,htop [options],htop,Use command help/manual for inspection options,Processes,Easy,Use the command to inspect or understand system state.
6,htop [target],Interactive process viewer. Targeted usage.,htop [options],htop,"Path, file, host, PID, or other target",Processes,Easy,"Use the command on a specific file, path, process, or resource."
6,jobs,List shell jobs. Basic usage.,jobs [options],jobs -l,None,Processes,Easy,Use the command in its simplest practical form.
6,jobs [advanced],List shell jobs. Advanced usage.,jobs [options],jobs -l,Advanced options vary by command,Processes,Advanced,A more controlled or powerful form for deeper work.
6,jobs [common options],List shell jobs. Common option.,jobs [options],jobs -l,Common options depend on the command,Processes,Easy,A common option or combination for everyday Linux work.
6,jobs [inspect],List shell jobs. Inspection.,jobs [options],jobs -l,Use command help/manual for inspection options,Processes,Easy,Use the command to inspect or understand system state.
6,jobs [target],List shell jobs. Targeted usage.,jobs [options],jobs -l,"Path, file, host, PID, or other target",Processes,Easy,"Use the command on a specific file, path, process, or resource."
6,kill,Send a signal to a process. Basic usage.,kill [options] PID,kill -TERM 1234,None,Processes,Easy,Use the command in its simplest practical form.
6,kill [advanced],Send a signal to a process. Advanced usage.,kill [options] PID,kill -TERM 1234,Advanced options vary by command,Processes,Advanced,A more controlled or powerful form for deeper work.
6,kill [common options],Send a signal to a process. Common option.,kill [options] PID,kill -TERM 1234,Common options depend on the command,Processes,Easy,A common option or combination for everyday Linux work.
6,kill [inspect],Send a signal to a process. Inspection.,kill [options] PID,kill -TERM 1234,Use command help/manual for inspection options,Processes,Easy,Use the command to inspect or understand system state.
6,kill [target],Send a signal to a process. Targeted usage.,kill [options] PID,kill -TERM 1234,"Path, file, host, PID, or other target",Processes,Easy,"Use the command on a specific file, path, process, or resource."
6,killall,Send a signal to processes by name. Basic usage.,killall [options] NAME,killall firefox,None,Processes,Medium,Use the command in its simplest practical form.
6,killall [advanced],Send a signal to processes by name. Advanced usage.,killall [options] NAME,killall firefox,Advanced options vary by command,Processes,Advanced,A more controlled or powerful form for deeper work.
6,killall [common options],Send a signal to processes by name. Common option.,killall [options] NAME,killall firefox,Common options depend on the command,Processes,Medium,A common option or combination for everyday Linux work.
6,killall [inspect],Send a signal to processes by name. Inspection.,killall [options] NAME,killall firefox,Use command help/manual for inspection options,Processes,Medium,Use the command to inspect or understand system state.
6,killall [target],Send a signal to processes by name. Targeted usage.,killall [options] NAME,killall firefox,"Path, file, host, PID, or other target",Processes,Medium,"Use the command on a specific file, path, process, or resource."
6,pgrep,Find processes by name or attributes. Basic usage.,pgrep [options] PATTERN,pgrep -a python,None,Processes,Medium,Use the command in its simplest practical form.
6,pgrep [advanced],Find processes by name or attributes. Advanced usage.,pgrep [options] PATTERN,pgrep -a python,Advanced options vary by command,Processes,Advanced,A more controlled or powerful form for deeper work.
6,pgrep [common options],Find processes by name or attributes. Common option.,pgrep [options] PATTERN,pgrep -a python,Common options depend on the command,Processes,Medium,A common option or combination for everyday Linux work.
6,pgrep [inspect],Find processes by name or attributes. Inspection.,pgrep [options] PATTERN,pgrep -a python,Use command help/manual for inspection options,Processes,Medium,Use the command to inspect or understand system state.
6,pgrep [target],Find processes by name or attributes. Targeted usage.,pgrep [options] PATTERN,pgrep -a python,"Path, file, host, PID, or other target",Processes,Medium,"Use the command on a specific file, path, process, or resource."
6,pkill,Send a signal to matching processes. Basic usage.,pkill [options] PATTERN,pkill -f worker.py,None,Processes,Medium,Use the command in its simplest practical form.
6,pkill [advanced],Send a signal to matching processes. Advanced usage.,pkill [options] PATTERN,pkill -f worker.py,Advanced options vary by command,Processes,Advanced,A more controlled or powerful form for deeper work.
6,pkill [common options],Send a signal to matching processes. Common option.,pkill [options] PATTERN,pkill -f worker.py,Common options depend on the command,Processes,Medium,A common option or combination for everyday Linux work.
6,pkill [inspect],Send a signal to matching processes. Inspection.,pkill [options] PATTERN,pkill -f worker.py,Use command help/manual for inspection options,Processes,Medium,Use the command to inspect or understand system state.
6,pkill [target],Send a signal to matching processes. Targeted usage.,pkill [options] PATTERN,pkill -f worker.py,"Path, file, host, PID, or other target",Processes,Medium,"Use the command on a specific file, path, process, or resource."
6,ps,Display running processes. Basic usage.,ps [options],ps aux,None,Processes,Easy,Use the command in its simplest practical form.
6,ps [advanced],Display running processes. Advanced usage.,ps [options],ps aux,Advanced options vary by command,Processes,Advanced,A more controlled or powerful form for deeper work.
6,ps [common options],Display running processes. Common option.,ps [options],ps aux,Common options depend on the command,Processes,Easy,A common option or combination for everyday Linux work.
6,ps [inspect],Display running processes. Inspection.,ps [options],ps aux,Use command help/manual for inspection options,Processes,Easy,Use the command to inspect or understand system state.
6,ps [target],Display running processes. Targeted usage.,ps [options],ps aux,"Path, file, host, PID, or other target",Processes,Easy,"Use the command on a specific file, path, process, or resource."
6,top,Monitor processes interactively. Basic usage.,top [options],top,None,Processes,Easy,Use the command in its simplest practical form.
6,top [advanced],Monitor processes interactively. Advanced usage.,top [options],top,Advanced options vary by command,Processes,Advanced,A more controlled or powerful form for deeper work.
6,top [common options],Monitor processes interactively. Common option.,top [options],top,Common options depend on the command,Processes,Easy,A common option or combination for everyday Linux work.
6,top [inspect],Monitor processes interactively. Inspection.,top [options],top,Use command help/manual for inspection options,Processes,Easy,Use the command to inspect or understand system state.
6,top [target],Monitor processes interactively. Targeted usage.,top [options],top,"Path, file, host, PID, or other target",Processes,Easy,"Use the command on a specific file, path, process, or resource."
7,dmesg,Display kernel ring-buffer messages. Basic usage.,dmesg [options],"sudo dmesg --level=err,warn",None,System,Medium,Use the command in its simplest practical form.
7,dmesg [advanced],Display kernel ring-buffer messages. Advanced usage.,dmesg [options],"sudo dmesg --level=err,warn",Advanced options vary by command,System,Advanced,A more controlled or powerful form for deeper work.
7,dmesg [common options],Display kernel ring-buffer messages. Common option.,dmesg [options],"sudo dmesg --level=err,warn",Common options depend on the command,System,Medium,A common option or combination for everyday Linux work.
7,dmesg [inspect],Display kernel ring-buffer messages. Inspection.,dmesg [options],"sudo dmesg --level=err,warn",Use command help/manual for inspection options,System,Medium,Use the command to inspect or understand system state.
7,dmesg [target],Display kernel ring-buffer messages. Targeted usage.,dmesg [options],"sudo dmesg --level=err,warn","Path, file, host, PID, or other target",System,Medium,"Use the command on a specific file, path, process, or resource."
7,free,Show memory usage. Basic usage.,free [options],free -h,None,System,Easy,Use the command in its simplest practical form.
7,free [advanced],Show memory usage. Advanced usage.,free [options],free -h,Advanced options vary by command,System,Advanced,A more controlled or powerful form for deeper work.
7,free [common options],Show memory usage. Common option.,free [options],free -h,Common options depend on the command,System,Easy,A common option or combination for everyday Linux work.
7,free [inspect],Show memory usage. Inspection.,free [options],free -h,Use command help/manual for inspection options,System,Easy,Use the command to inspect or understand system state.
7,free [target],Show memory usage. Targeted usage.,free [options],free -h,"Path, file, host, PID, or other target",System,Easy,"Use the command on a specific file, path, process, or resource."
7,hostname,Show or set the system hostname. Basic usage.,hostname [options],hostname,None,System,Easy,Use the command in its simplest practical form.
7,hostname [advanced],Show or set the system hostname. Advanced usage.,hostname [options],hostname,Advanced options vary by command,System,Advanced,A more controlled or powerful form for deeper work.
7,hostname [common options],Show or set the system hostname. Common option.,hostname [options],hostname,Common options depend on the command,System,Easy,A common option or combination for everyday Linux work.
7,hostname [inspect],Show or set the system hostname. Inspection.,hostname [options],hostname,Use command help/manual for inspection options,System,Easy,Use the command to inspect or understand system state.
7,hostname [target],Show or set the system hostname. Targeted usage.,hostname [options],hostname,"Path, file, host, PID, or other target",System,Easy,"Use the command on a specific file, path, process, or resource."
7,lsblk,List block devices. Basic usage.,lsblk [options],lsblk -f,None,System,Easy,Use the command in its simplest practical form.
7,lsblk [advanced],List block devices. Advanced usage.,lsblk [options],lsblk -f,Advanced options vary by command,System,Advanced,A more controlled or powerful form for deeper work.
7,lsblk [common options],List block devices. Common option.,lsblk [options],lsblk -f,Common options depend on the command,System,Easy,A common option or combination for everyday Linux work.
7,lsblk [inspect],List block devices. Inspection.,lsblk [options],lsblk -f,Use command help/manual for inspection options,System,Easy,Use the command to inspect or understand system state.
7,lsblk [target],List block devices. Targeted usage.,lsblk [options],lsblk -f,"Path, file, host, PID, or other target",System,Easy,"Use the command on a specific file, path, process, or resource."
7,lscpu,Display CPU architecture information. Basic usage.,lscpu [options],lscpu,None,System,Easy,Use the command in its simplest practical form.
7,lscpu [advanced],Display CPU architecture information. Advanced usage.,lscpu [options],lscpu,Advanced options vary by command,System,Advanced,A more controlled or powerful form for deeper work.
7,lscpu [common options],Display CPU architecture information. Common option.,lscpu [options],lscpu,Common options depend on the command,System,Easy,A common option or combination for everyday Linux work.
7,lscpu [inspect],Display CPU architecture information. Inspection.,lscpu [options],lscpu,Use command help/manual for inspection options,System,Easy,Use the command to inspect or understand system state.
7,lscpu [target],Display CPU architecture information. Targeted usage.,lscpu [options],lscpu,"Path, file, host, PID, or other target",System,Easy,"Use the command on a specific file, path, process, or resource."
7,lsmem,Display memory ranges and information. Basic usage.,lsmem [options],lsmem,None,System,Medium,Use the command in its simplest practical form.
7,lsmem [advanced],Display memory ranges and information. Advanced usage.,lsmem [options],lsmem,Advanced options vary by command,System,Advanced,A more controlled or powerful form for deeper work.
7,lsmem [common options],Display memory ranges and information. Common option.,lsmem [options],lsmem,Common options depend on the command,System,Medium,A common option or combination for everyday Linux work.
7,lsmem [inspect],Display memory ranges and information. Inspection.,lsmem [options],lsmem,Use command help/manual for inspection options,System,Medium,Use the command to inspect or understand system state.
7,lsmem [target],Display memory ranges and information. Targeted usage.,lsmem [options],lsmem,"Path, file, host, PID, or other target",System,Medium,"Use the command on a specific file, path, process, or resource."
7,lspci,List PCI devices. Basic usage.,lspci [options],lspci -nn,None,System,Easy,Use the command in its simplest practical form.
7,lspci [advanced],List PCI devices. Advanced usage.,lspci [options],lspci -nn,Advanced options vary by command,System,Advanced,A more controlled or powerful form for deeper work.
7,lspci [common options],List PCI devices. Common option.,lspci [options],lspci -nn,Common options depend on the command,System,Easy,A common option or combination for everyday Linux work.
7,lspci [inspect],List PCI devices. Inspection.,lspci [options],lspci -nn,Use command help/manual for inspection options,System,Easy,Use the command to inspect or understand system state.
7,lspci [target],List PCI devices. Targeted usage.,lspci [options],lspci -nn,"Path, file, host, PID, or other target",System,Easy,"Use the command on a specific file, path, process, or resource."
7,lsusb,List USB devices. Basic usage.,lsusb [options],lsusb,None,System,Easy,Use the command in its simplest practical form.
7,lsusb [advanced],List USB devices. Advanced usage.,lsusb [options],lsusb,Advanced options vary by command,System,Advanced,A more controlled or powerful form for deeper work.
7,lsusb [common options],List USB devices. Common option.,lsusb [options],lsusb,Common options depend on the command,System,Easy,A common option or combination for everyday Linux work.
7,lsusb [inspect],List USB devices. Inspection.,lsusb [options],lsusb,Use command help/manual for inspection options,System,Easy,Use the command to inspect or understand system state.
7,lsusb [target],List USB devices. Targeted usage.,lsusb [options],lsusb,"Path, file, host, PID, or other target",System,Easy,"Use the command on a specific file, path, process, or resource."
7,uname,Print system information. Basic usage.,uname [options],uname -a,None,System,Easy,Use the command in its simplest practical form.
7,uname [advanced],Print system information. Advanced usage.,uname [options],uname -a,Advanced options vary by command,System,Advanced,A more controlled or powerful form for deeper work.
7,uname [common options],Print system information. Common option.,uname [options],uname -a,Common options depend on the command,System,Easy,A common option or combination for everyday Linux work.
7,uname [inspect],Print system information. Inspection.,uname [options],uname -a,Use command help/manual for inspection options,System,Easy,Use the command to inspect or understand system state.
7,uname [target],Print system information. Targeted usage.,uname [options],uname -a,"Path, file, host, PID, or other target",System,Easy,"Use the command on a specific file, path, process, or resource."
7,uptime,Show system uptime and load. Basic usage.,uptime [options],uptime,None,System,Easy,Use the command in its simplest practical form.
7,uptime [advanced],Show system uptime and load. Advanced usage.,uptime [options],uptime,Advanced options vary by command,System,Advanced,A more controlled or powerful form for deeper work.
7,uptime [common options],Show system uptime and load. Common option.,uptime [options],uptime,Common options depend on the command,System,Easy,A common option or combination for everyday Linux work.
7,uptime [inspect],Show system uptime and load. Inspection.,uptime [options],uptime,Use command help/manual for inspection options,System,Easy,Use the command to inspect or understand system state.
7,uptime [target],Show system uptime and load. Targeted usage.,uptime [options],uptime,"Path, file, host, PID, or other target",System,Easy,"Use the command on a specific file, path, process, or resource."
8,blkid,Display block-device attributes. Basic usage.,blkid [options],sudo blkid,None,Storage,Medium,Use the command in its simplest practical form.
8,blkid [advanced],Display block-device attributes. Advanced usage.,blkid [options],sudo blkid,Advanced options vary by command,Storage,Advanced,A more controlled or powerful form for deeper work.
8,blkid [common options],Display block-device attributes. Common option.,blkid [options],sudo blkid,Common options depend on the command,Storage,Medium,A common option or combination for everyday Linux work.
8,blkid [inspect],Display block-device attributes. Inspection.,blkid [options],sudo blkid,Use command help/manual for inspection options,Storage,Medium,Use the command to inspect or understand system state.
8,blkid [target],Display block-device attributes. Targeted usage.,blkid [options],sudo blkid,"Path, file, host, PID, or other target",Storage,Medium,"Use the command on a specific file, path, process, or resource."
8,df,Show filesystem disk usage. Basic usage.,df [options] [PATH],df -h,None,Storage,Easy,Use the command in its simplest practical form.
8,df [advanced],Show filesystem disk usage. Advanced usage.,df [options] [PATH],df -h,Advanced options vary by command,Storage,Advanced,A more controlled or powerful form for deeper work.
8,df [common options],Show filesystem disk usage. Common option.,df [options] [PATH],df -h,Common options depend on the command,Storage,Easy,A common option or combination for everyday Linux work.
8,df [inspect],Show filesystem disk usage. Inspection.,df [options] [PATH],df -h,Use command help/manual for inspection options,Storage,Easy,Use the command to inspect or understand system state.
8,df [target],Show filesystem disk usage. Targeted usage.,df [options] [PATH],df -h,"Path, file, host, PID, or other target",Storage,Easy,"Use the command on a specific file, path, process, or resource."
8,du,Estimate file and directory space usage. Basic usage.,du [options] [PATH],du -sh ~/Downloads,None,Storage,Easy,Use the command in its simplest practical form.
8,du [advanced],Estimate file and directory space usage. Advanced usage.,du [options] [PATH],du -sh ~/Downloads,Advanced options vary by command,Storage,Advanced,A more controlled or powerful form for deeper work.
8,du [common options],Estimate file and directory space usage. Common option.,du [options] [PATH],du -sh ~/Downloads,Common options depend on the command,Storage,Easy,A common option or combination for everyday Linux work.
8,du [inspect],Estimate file and directory space usage. Inspection.,du [options] [PATH],du -sh ~/Downloads,Use command help/manual for inspection options,Storage,Easy,Use the command to inspect or understand system state.
8,du [target],Estimate file and directory space usage. Targeted usage.,du [options] [PATH],du -sh ~/Downloads,"Path, file, host, PID, or other target",Storage,Easy,"Use the command on a specific file, path, process, or resource."
8,fdisk,Manage disk partition tables. Basic usage.,fdisk [options] DEVICE,sudo fdisk -l,None,Storage,Advanced,Use the command in its simplest practical form.
8,fdisk [advanced],Manage disk partition tables. Advanced usage.,fdisk [options] DEVICE,sudo fdisk -l,Advanced options vary by command,Storage,Advanced,A more controlled or powerful form for deeper work.
8,fdisk [common options],Manage disk partition tables. Common option.,fdisk [options] DEVICE,sudo fdisk -l,Common options depend on the command,Storage,Advanced,A common option or combination for everyday Linux work.
8,fdisk [inspect],Manage disk partition tables. Inspection.,fdisk [options] DEVICE,sudo fdisk -l,Use command help/manual for inspection options,Storage,Advanced,Use the command to inspect or understand system state.
8,fdisk [target],Manage disk partition tables. Targeted usage.,fdisk [options] DEVICE,sudo fdisk -l,"Path, file, host, PID, or other target",Storage,Advanced,"Use the command on a specific file, path, process, or resource."
8,findmnt,Display mounted filesystems. Basic usage.,findmnt [options],findmnt -t ext4,None,Storage,Medium,Use the command in its simplest practical form.
8,findmnt [advanced],Display mounted filesystems. Advanced usage.,findmnt [options],findmnt -t ext4,Advanced options vary by command,Storage,Advanced,A more controlled or powerful form for deeper work.
8,findmnt [common options],Display mounted filesystems. Common option.,findmnt [options],findmnt -t ext4,Common options depend on the command,Storage,Medium,A common option or combination for everyday Linux work.
8,findmnt [inspect],Display mounted filesystems. Inspection.,findmnt [options],findmnt -t ext4,Use command help/manual for inspection options,Storage,Medium,Use the command to inspect or understand system state.
8,findmnt [target],Display mounted filesystems. Targeted usage.,findmnt [options],findmnt -t ext4,"Path, file, host, PID, or other target",Storage,Medium,"Use the command on a specific file, path, process, or resource."
8,fsck,Check and repair filesystems. Basic usage.,fsck [options] DEVICE,sudo fsck -n /dev/sda1,None,Storage,Advanced,Use the command in its simplest practical form.
8,fsck [advanced],Check and repair filesystems. Advanced usage.,fsck [options] DEVICE,sudo fsck -n /dev/sda1,Advanced options vary by command,Storage,Advanced,A more controlled or powerful form for deeper work.
8,fsck [common options],Check and repair filesystems. Common option.,fsck [options] DEVICE,sudo fsck -n /dev/sda1,Common options depend on the command,Storage,Advanced,A common option or combination for everyday Linux work.
8,fsck [inspect],Check and repair filesystems. Inspection.,fsck [options] DEVICE,sudo fsck -n /dev/sda1,Use command help/manual for inspection options,Storage,Advanced,Use the command to inspect or understand system state.
8,fsck [target],Check and repair filesystems. Targeted usage.,fsck [options] DEVICE,sudo fsck -n /dev/sda1,"Path, file, host, PID, or other target",Storage,Advanced,"Use the command on a specific file, path, process, or resource."
8,mount,Show or mount filesystems. Basic usage.,mount [options],mount,None,Storage,Medium,Use the command in its simplest practical form.
8,mount [advanced],Show or mount filesystems. Advanced usage.,mount [options],mount,Advanced options vary by command,Storage,Advanced,A more controlled or powerful form for deeper work.
8,mount [common options],Show or mount filesystems. Common option.,mount [options],mount,Common options depend on the command,Storage,Medium,A common option or combination for everyday Linux work.
8,mount [inspect],Show or mount filesystems. Inspection.,mount [options],mount,Use command help/manual for inspection options,Storage,Medium,Use the command to inspect or understand system state.
8,mount [target],Show or mount filesystems. Targeted usage.,mount [options],mount,"Path, file, host, PID, or other target",Storage,Medium,"Use the command on a specific file, path, process, or resource."
8,parted,Manage disk partitions. Basic usage.,parted [options] DEVICE,sudo parted -l,None,Storage,Advanced,Use the command in its simplest practical form.
8,parted [advanced],Manage disk partitions. Advanced usage.,parted [options] DEVICE,sudo parted -l,Advanced options vary by command,Storage,Advanced,A more controlled or powerful form for deeper work.
8,parted [common options],Manage disk partitions. Common option.,parted [options] DEVICE,sudo parted -l,Common options depend on the command,Storage,Advanced,A common option or combination for everyday Linux work.
8,parted [inspect],Manage disk partitions. Inspection.,parted [options] DEVICE,sudo parted -l,Use command help/manual for inspection options,Storage,Advanced,Use the command to inspect or understand system state.
8,parted [target],Manage disk partitions. Targeted usage.,parted [options] DEVICE,sudo parted -l,"Path, file, host, PID, or other target",Storage,Advanced,"Use the command on a specific file, path, process, or resource."
8,sync,Flush filesystem buffers. Basic usage.,sync,sync,None,Storage,Easy,Use the command in its simplest practical form.
8,sync [advanced],Flush filesystem buffers. Advanced usage.,sync,sync,Advanced options vary by command,Storage,Advanced,A more controlled or powerful form for deeper work.
8,sync [common options],Flush filesystem buffers. Common option.,sync,sync,Common options depend on the command,Storage,Easy,A common option or combination for everyday Linux work.
8,sync [inspect],Flush filesystem buffers. Inspection.,sync,sync,Use command help/manual for inspection options,Storage,Easy,Use the command to inspect or understand system state.
8,sync [target],Flush filesystem buffers. Targeted usage.,sync,sync,"Path, file, host, PID, or other target",Storage,Easy,"Use the command on a specific file, path, process, or resource."
8,umount,Unmount a filesystem. Basic usage.,umount [options] TARGET,sudo umount /mnt/data,None,Storage,Medium,Use the command in its simplest practical form.
8,umount [advanced],Unmount a filesystem. Advanced usage.,umount [options] TARGET,sudo umount /mnt/data,Advanced options vary by command,Storage,Advanced,A more controlled or powerful form for deeper work.
8,umount [common options],Unmount a filesystem. Common option.,umount [options] TARGET,sudo umount /mnt/data,Common options depend on the command,Storage,Medium,A common option or combination for everyday Linux work.
8,umount [inspect],Unmount a filesystem. Inspection.,umount [options] TARGET,sudo umount /mnt/data,Use command help/manual for inspection options,Storage,Medium,Use the command to inspect or understand system state.
8,umount [target],Unmount a filesystem. Targeted usage.,umount [options] TARGET,sudo umount /mnt/data,"Path, file, host, PID, or other target",Storage,Medium,"Use the command on a specific file, path, process, or resource."
9,curl,Transfer data from or to a URL. Basic usage.,curl [options] URL,curl -I https://example.com,None,Networking,Easy,Use the command in its simplest practical form.
9,curl [advanced],Transfer data from or to a URL. Advanced usage.,curl [options] URL,curl -I https://example.com,Advanced options vary by command,Networking,Advanced,A more controlled or powerful form for deeper work.
9,curl [common options],Transfer data from or to a URL. Common option.,curl [options] URL,curl -I https://example.com,Common options depend on the command,Networking,Easy,A common option or combination for everyday Linux work.
9,curl [inspect],Transfer data from or to a URL. Inspection.,curl [options] URL,curl -I https://example.com,Use command help/manual for inspection options,Networking,Easy,Use the command to inspect or understand system state.
9,curl [target],Transfer data from or to a URL. Targeted usage.,curl [options] URL,curl -I https://example.com,"Path, file, host, PID, or other target",Networking,Easy,"Use the command on a specific file, path, process, or resource."
9,dig,Query DNS records. Basic usage.,dig [options] DOMAIN,dig example.com,None,Networking,Medium,Use the command in its simplest practical form.
9,dig [advanced],Query DNS records. Advanced usage.,dig [options] DOMAIN,dig example.com,Advanced options vary by command,Networking,Advanced,A more controlled or powerful form for deeper work.
9,dig [common options],Query DNS records. Common option.,dig [options] DOMAIN,dig example.com,Common options depend on the command,Networking,Medium,A common option or combination for everyday Linux work.
9,dig [inspect],Query DNS records. Inspection.,dig [options] DOMAIN,dig example.com,Use command help/manual for inspection options,Networking,Medium,Use the command to inspect or understand system state.
9,dig [target],Query DNS records. Targeted usage.,dig [options] DOMAIN,dig example.com,"Path, file, host, PID, or other target",Networking,Medium,"Use the command on a specific file, path, process, or resource."
9,ip,Show or manage network interfaces and routes. Basic usage.,ip OBJECT [COMMAND],ip addr show,None,Networking,Medium,Use the command in its simplest practical form.
9,ip [advanced],Show or manage network interfaces and routes. Advanced usage.,ip OBJECT [COMMAND],ip addr show,Advanced options vary by command,Networking,Advanced,A more controlled or powerful form for deeper work.
9,ip [common options],Show or manage network interfaces and routes. Common option.,ip OBJECT [COMMAND],ip addr show,Common options depend on the command,Networking,Medium,A common option or combination for everyday Linux work.
9,ip [inspect],Show or manage network interfaces and routes. Inspection.,ip OBJECT [COMMAND],ip addr show,Use command help/manual for inspection options,Networking,Medium,Use the command to inspect or understand system state.
9,ip [target],Show or manage network interfaces and routes. Targeted usage.,ip OBJECT [COMMAND],ip addr show,"Path, file, host, PID, or other target",Networking,Medium,"Use the command on a specific file, path, process, or resource."
9,ping,Test network reachability. Basic usage.,ping [options] HOST,ping -c 4 example.com,None,Networking,Easy,Use the command in its simplest practical form.
9,ping [advanced],Test network reachability. Advanced usage.,ping [options] HOST,ping -c 4 example.com,Advanced options vary by command,Networking,Advanced,A more controlled or powerful form for deeper work.
9,ping [common options],Test network reachability. Common option.,ping [options] HOST,ping -c 4 example.com,Common options depend on the command,Networking,Easy,A common option or combination for everyday Linux work.
9,ping [inspect],Test network reachability. Inspection.,ping [options] HOST,ping -c 4 example.com,Use command help/manual for inspection options,Networking,Easy,Use the command to inspect or understand system state.
9,ping [target],Test network reachability. Targeted usage.,ping [options] HOST,ping -c 4 example.com,"Path, file, host, PID, or other target",Networking,Easy,"Use the command on a specific file, path, process, or resource."
9,scp,Copy files over SSH. Basic usage.,scp [options] SOURCE DEST,scp file.txt user@server:~/,None,Networking,Medium,Use the command in its simplest practical form.
9,scp [advanced],Copy files over SSH. Advanced usage.,scp [options] SOURCE DEST,scp file.txt user@server:~/,Advanced options vary by command,Networking,Advanced,A more controlled or powerful form for deeper work.
9,scp [common options],Copy files over SSH. Common option.,scp [options] SOURCE DEST,scp file.txt user@server:~/,Common options depend on the command,Networking,Medium,A common option or combination for everyday Linux work.
9,scp [inspect],Copy files over SSH. Inspection.,scp [options] SOURCE DEST,scp file.txt user@server:~/,Use command help/manual for inspection options,Networking,Medium,Use the command to inspect or understand system state.
9,scp [target],Copy files over SSH. Targeted usage.,scp [options] SOURCE DEST,scp file.txt user@server:~/,"Path, file, host, PID, or other target",Networking,Medium,"Use the command on a specific file, path, process, or resource."
9,sftp,Transfer files over SSH interactively. Basic usage.,sftp [options] USER@HOST,sftp user@server,None,Networking,Medium,Use the command in its simplest practical form.
9,sftp [advanced],Transfer files over SSH interactively. Advanced usage.,sftp [options] USER@HOST,sftp user@server,Advanced options vary by command,Networking,Advanced,A more controlled or powerful form for deeper work.
9,sftp [common options],Transfer files over SSH interactively. Common option.,sftp [options] USER@HOST,sftp user@server,Common options depend on the command,Networking,Medium,A common option or combination for everyday Linux work.
9,sftp [inspect],Transfer files over SSH interactively. Inspection.,sftp [options] USER@HOST,sftp user@server,Use command help/manual for inspection options,Networking,Medium,Use the command to inspect or understand system state.
9,sftp [target],Transfer files over SSH interactively. Targeted usage.,sftp [options] USER@HOST,sftp user@server,"Path, file, host, PID, or other target",Networking,Medium,"Use the command on a specific file, path, process, or resource."
9,ss,Inspect sockets and network connections. Basic usage.,ss [options],ss -tulpn,None,Networking,Medium,Use the command in its simplest practical form.
9,ss [advanced],Inspect sockets and network connections. Advanced usage.,ss [options],ss -tulpn,Advanced options vary by command,Networking,Advanced,A more controlled or powerful form for deeper work.
9,ss [common options],Inspect sockets and network connections. Common option.,ss [options],ss -tulpn,Common options depend on the command,Networking,Medium,A common option or combination for everyday Linux work.
9,ss [inspect],Inspect sockets and network connections. Inspection.,ss [options],ss -tulpn,Use command help/manual for inspection options,Networking,Medium,Use the command to inspect or understand system state.
9,ss [target],Inspect sockets and network connections. Targeted usage.,ss [options],ss -tulpn,"Path, file, host, PID, or other target",Networking,Medium,"Use the command on a specific file, path, process, or resource."
9,ssh,Connect to a remote machine securely. Basic usage.,ssh [options] USER@HOST,ssh user@server,None,Networking,Medium,Use the command in its simplest practical form.
9,ssh [advanced],Connect to a remote machine securely. Advanced usage.,ssh [options] USER@HOST,ssh user@server,Advanced options vary by command,Networking,Advanced,A more controlled or powerful form for deeper work.
9,ssh [common options],Connect to a remote machine securely. Common option.,ssh [options] USER@HOST,ssh user@server,Common options depend on the command,Networking,Medium,A common option or combination for everyday Linux work.
9,ssh [inspect],Connect to a remote machine securely. Inspection.,ssh [options] USER@HOST,ssh user@server,Use command help/manual for inspection options,Networking,Medium,Use the command to inspect or understand system state.
9,ssh [target],Connect to a remote machine securely. Targeted usage.,ssh [options] USER@HOST,ssh user@server,"Path, file, host, PID, or other target",Networking,Medium,"Use the command on a specific file, path, process, or resource."
9,traceroute,Trace the path to a network host. Basic usage.,traceroute [options] HOST,traceroute example.com,None,Networking,Medium,Use the command in its simplest practical form.
9,traceroute [advanced],Trace the path to a network host. Advanced usage.,traceroute [options] HOST,traceroute example.com,Advanced options vary by command,Networking,Advanced,A more controlled or powerful form for deeper work.
9,traceroute [common options],Trace the path to a network host. Common option.,traceroute [options] HOST,traceroute example.com,Common options depend on the command,Networking,Medium,A common option or combination for everyday Linux work.
9,traceroute [inspect],Trace the path to a network host. Inspection.,traceroute [options] HOST,traceroute example.com,Use command help/manual for inspection options,Networking,Medium,Use the command to inspect or understand system state.
9,traceroute [target],Trace the path to a network host. Targeted usage.,traceroute [options] HOST,traceroute example.com,"Path, file, host, PID, or other target",Networking,Medium,"Use the command on a specific file, path, process, or resource."
9,wget,Download files from the web. Basic usage.,wget [options] URL,wget https://example.com/file.zip,None,Networking,Easy,Use the command in its simplest practical form.
9,wget [advanced],Download files from the web. Advanced usage.,wget [options] URL,wget https://example.com/file.zip,Advanced options vary by command,Networking,Advanced,A more controlled or powerful form for deeper work.
9,wget [common options],Download files from the web. Common option.,wget [options] URL,wget https://example.com/file.zip,Common options depend on the command,Networking,Easy,A common option or combination for everyday Linux work.
9,wget [inspect],Download files from the web. Inspection.,wget [options] URL,wget https://example.com/file.zip,Use command help/manual for inspection options,Networking,Easy,Use the command to inspect or understand system state.
9,wget [target],Download files from the web. Targeted usage.,wget [options] URL,wget https://example.com/file.zip,"Path, file, host, PID, or other target",Networking,Easy,"Use the command on a specific file, path, process, or resource."
10,bunzip2,Decompress bzip2 files. Basic usage.,bunzip2 [options] FILE.bz2,bunzip2 report.txt.bz2,None,Archives,Easy,Use the command in its simplest practical form.
10,bunzip2 [advanced],Decompress bzip2 files. Advanced usage.,bunzip2 [options] FILE.bz2,bunzip2 report.txt.bz2,Advanced options vary by command,Archives,Advanced,A more controlled or powerful form for deeper work.
10,bunzip2 [common options],Decompress bzip2 files. Common option.,bunzip2 [options] FILE.bz2,bunzip2 report.txt.bz2,Common options depend on the command,Archives,Easy,A common option or combination for everyday Linux work.
10,bunzip2 [inspect],Decompress bzip2 files. Inspection.,bunzip2 [options] FILE.bz2,bunzip2 report.txt.bz2,Use command help/manual for inspection options,Archives,Easy,Use the command to inspect or understand system state.
10,bunzip2 [target],Decompress bzip2 files. Targeted usage.,bunzip2 [options] FILE.bz2,bunzip2 report.txt.bz2,"Path, file, host, PID, or other target",Archives,Easy,"Use the command on a specific file, path, process, or resource."
10,bzcat,Read bzip2-compressed text. Basic usage.,bzcat FILE.bz2,bzcat report.txt.bz2,None,Archives,Easy,Use the command in its simplest practical form.
10,bzcat [advanced],Read bzip2-compressed text. Advanced usage.,bzcat FILE.bz2,bzcat report.txt.bz2,Advanced options vary by command,Archives,Advanced,A more controlled or powerful form for deeper work.
10,bzcat [common options],Read bzip2-compressed text. Common option.,bzcat FILE.bz2,bzcat report.txt.bz2,Common options depend on the command,Archives,Easy,A common option or combination for everyday Linux work.
10,bzcat [inspect],Read bzip2-compressed text. Inspection.,bzcat FILE.bz2,bzcat report.txt.bz2,Use command help/manual for inspection options,Archives,Easy,Use the command to inspect or understand system state.
10,bzcat [target],Read bzip2-compressed text. Targeted usage.,bzcat FILE.bz2,bzcat report.txt.bz2,"Path, file, host, PID, or other target",Archives,Easy,"Use the command on a specific file, path, process, or resource."
10,bzip2,Compress files using bzip2. Basic usage.,bzip2 [options] FILE,bzip2 -k report.txt,None,Archives,Easy,Use the command in its simplest practical form.
10,bzip2 [advanced],Compress files using bzip2. Advanced usage.,bzip2 [options] FILE,bzip2 -k report.txt,Advanced options vary by command,Archives,Advanced,A more controlled or powerful form for deeper work.
10,bzip2 [common options],Compress files using bzip2. Common option.,bzip2 [options] FILE,bzip2 -k report.txt,Common options depend on the command,Archives,Easy,A common option or combination for everyday Linux work.
10,bzip2 [inspect],Compress files using bzip2. Inspection.,bzip2 [options] FILE,bzip2 -k report.txt,Use command help/manual for inspection options,Archives,Easy,Use the command to inspect or understand system state.
10,bzip2 [target],Compress files using bzip2. Targeted usage.,bzip2 [options] FILE,bzip2 -k report.txt,"Path, file, host, PID, or other target",Archives,Easy,"Use the command on a specific file, path, process, or resource."
10,gunzip,Decompress gzip files. Basic usage.,gunzip [options] FILE.gz,gunzip report.txt.gz,None,Archives,Easy,Use the command in its simplest practical form.
10,gunzip [advanced],Decompress gzip files. Advanced usage.,gunzip [options] FILE.gz,gunzip report.txt.gz,Advanced options vary by command,Archives,Advanced,A more controlled or powerful form for deeper work.
10,gunzip [common options],Decompress gzip files. Common option.,gunzip [options] FILE.gz,gunzip report.txt.gz,Common options depend on the command,Archives,Easy,A common option or combination for everyday Linux work.
10,gunzip [inspect],Decompress gzip files. Inspection.,gunzip [options] FILE.gz,gunzip report.txt.gz,Use command help/manual for inspection options,Archives,Easy,Use the command to inspect or understand system state.
10,gunzip [target],Decompress gzip files. Targeted usage.,gunzip [options] FILE.gz,gunzip report.txt.gz,"Path, file, host, PID, or other target",Archives,Easy,"Use the command on a specific file, path, process, or resource."
10,gzip,Compress files using gzip. Basic usage.,gzip [options] FILE,gzip -k report.txt,None,Archives,Easy,Use the command in its simplest practical form.
10,gzip [advanced],Compress files using gzip. Advanced usage.,gzip [options] FILE,gzip -k report.txt,Advanced options vary by command,Archives,Advanced,A more controlled or powerful form for deeper work.
10,gzip [common options],Compress files using gzip. Common option.,gzip [options] FILE,gzip -k report.txt,Common options depend on the command,Archives,Easy,A common option or combination for everyday Linux work.
10,gzip [inspect],Compress files using gzip. Inspection.,gzip [options] FILE,gzip -k report.txt,Use command help/manual for inspection options,Archives,Easy,Use the command to inspect or understand system state.
10,gzip [target],Compress files using gzip. Targeted usage.,gzip [options] FILE,gzip -k report.txt,"Path, file, host, PID, or other target",Archives,Easy,"Use the command on a specific file, path, process, or resource."
10,tar,Create or extract tar archives. Basic usage.,tar [options] ARCHIVE FILES,tar -cf project.tar project/,None,Archives,Easy,Use the command in its simplest practical form.
10,tar [advanced],Create or extract tar archives. Advanced usage.,tar [options] ARCHIVE FILES,tar -cf project.tar project/,Advanced options vary by command,Archives,Advanced,A more controlled or powerful form for deeper work.
10,tar [common options],Create or extract tar archives. Common option.,tar [options] ARCHIVE FILES,tar -cf project.tar project/,Common options depend on the command,Archives,Easy,A common option or combination for everyday Linux work.
10,tar [inspect],Create or extract tar archives. Inspection.,tar [options] ARCHIVE FILES,tar -cf project.tar project/,Use command help/manual for inspection options,Archives,Easy,Use the command to inspect or understand system state.
10,tar [target],Create or extract tar archives. Targeted usage.,tar [options] ARCHIVE FILES,tar -cf project.tar project/,"Path, file, host, PID, or other target",Archives,Easy,"Use the command on a specific file, path, process, or resource."
10,unxz,Decompress xz files. Basic usage.,unxz [options] FILE.xz,unxz dataset.csv.xz,None,Archives,Easy,Use the command in its simplest practical form.
10,unxz [advanced],Decompress xz files. Advanced usage.,unxz [options] FILE.xz,unxz dataset.csv.xz,Advanced options vary by command,Archives,Advanced,A more controlled or powerful form for deeper work.
10,unxz [common options],Decompress xz files. Common option.,unxz [options] FILE.xz,unxz dataset.csv.xz,Common options depend on the command,Archives,Easy,A common option or combination for everyday Linux work.
10,unxz [inspect],Decompress xz files. Inspection.,unxz [options] FILE.xz,unxz dataset.csv.xz,Use command help/manual for inspection options,Archives,Easy,Use the command to inspect or understand system state.
10,unxz [target],Decompress xz files. Targeted usage.,unxz [options] FILE.xz,unxz dataset.csv.xz,"Path, file, host, PID, or other target",Archives,Easy,"Use the command on a specific file, path, process, or resource."
10,xz,Compress files using xz. Basic usage.,xz [options] FILE,xz -k dataset.csv,None,Archives,Easy,Use the command in its simplest practical form.
10,xz [advanced],Compress files using xz. Advanced usage.,xz [options] FILE,xz -k dataset.csv,Advanced options vary by command,Archives,Advanced,A more controlled or powerful form for deeper work.
10,xz [common options],Compress files using xz. Common option.,xz [options] FILE,xz -k dataset.csv,Common options depend on the command,Archives,Easy,A common option or combination for everyday Linux work.
10,xz [inspect],Compress files using xz. Inspection.,xz [options] FILE,xz -k dataset.csv,Use command help/manual for inspection options,Archives,Easy,Use the command to inspect or understand system state.
10,xz [target],Compress files using xz. Targeted usage.,xz [options] FILE,xz -k dataset.csv,"Path, file, host, PID, or other target",Archives,Easy,"Use the command on a specific file, path, process, or resource."
10,zcat,Read gzip-compressed text. Basic usage.,zcat FILE.gz,zcat access.log.gz,None,Archives,Easy,Use the command in its simplest practical form.
10,zcat [advanced],Read gzip-compressed text. Advanced usage.,zcat FILE.gz,zcat access.log.gz,Advanced options vary by command,Archives,Advanced,A more controlled or powerful form for deeper work.
10,zcat [common options],Read gzip-compressed text. Common option.,zcat FILE.gz,zcat access.log.gz,Common options depend on the command,Archives,Easy,A common option or combination for everyday Linux work.
10,zcat [inspect],Read gzip-compressed text. Inspection.,zcat FILE.gz,zcat access.log.gz,Use command help/manual for inspection options,Archives,Easy,Use the command to inspect or understand system state.
10,zcat [target],Read gzip-compressed text. Targeted usage.,zcat FILE.gz,zcat access.log.gz,"Path, file, host, PID, or other target",Archives,Easy,"Use the command on a specific file, path, process, or resource."
10,zip,Create ZIP archives. Basic usage.,zip [options] ARCHIVE FILES,zip -r project.zip project/,None,Archives,Easy,Use the command in its simplest practical form.
10,zip [advanced],Create ZIP archives. Advanced usage.,zip [options] ARCHIVE FILES,zip -r project.zip project/,Advanced options vary by command,Archives,Advanced,A more controlled or powerful form for deeper work.
10,zip [common options],Create ZIP archives. Common option.,zip [options] ARCHIVE FILES,zip -r project.zip project/,Common options depend on the command,Archives,Easy,A common option or combination for everyday Linux work.
10,zip [inspect],Create ZIP archives. Inspection.,zip [options] ARCHIVE FILES,zip -r project.zip project/,Use command help/manual for inspection options,Archives,Easy,Use the command to inspect or understand system state.
10,zip [target],Create ZIP archives. Targeted usage.,zip [options] ARCHIVE FILES,zip -r project.zip project/,"Path, file, host, PID, or other target",Archives,Easy,"Use the command on a specific file, path, process, or resource."
