ID,Chapter,Command,Purpose,Syntax,Example,Options,Category,Difficulty,Risk,Keywords,Related,Notes
C1-01,1,pwd,Print current working directory,pwd,pwd,None,Navigation,Easy,Safe,where am i;current folder;location;path,ls;cd,Shows the current directory.
C1-02,1,ls,List files and directories,ls [options] [path],ls,-l -a -h -t,Navigation,Easy,Safe,list;show files;folder contents;directory,pwd;cd;stat,Lists directory contents.
C1-03,1,cd,Change directory,cd <directory>,cd Documents,None,Navigation,Easy,Safe,change folder;go to;move into;go back,pwd;ls,Use 'cd ..' to go back one level.
C1-04,1,clear,Clear the terminal screen,clear,clear,None,Terminal,Easy,Safe,clean screen;wipe terminal,history,Clears the visible terminal.
C1-05,1,history,Display command history,history,history,-c,Terminal,Easy,Safe,previous commands;past commands,clear,Shows previously executed commands.
C1-06,1,man,Display command manual,man <command>,man ls,-k,Help,Easy,Safe,help;manual;documentation;how to use,which;info,Opens the manual page. Press q to quit.
C1-07,1,info,Display detailed documentation,info <command>,info coreutils,None,Help,Medium,Safe,help;documentation;manual,man,Alternate documentation system to man pages.
C1-08,1,whoami,Show current user,whoami,whoami,None,System,Easy,Safe,username;who am i;current user,id,Displays the logged-in username.
C1-09,1,date,Display current date and time,date [+FORMAT],date,+%Y-%m-%d,System,Easy,Safe,time;today;clock,cal;uptime,Shows system date and time.
C1-10,1,cal,Display calendar,cal,cal,None,System,Easy,Safe,calendar;month,date,Shows the current month's calendar.
C1-11,1,which,Show where a command lives,which <command>,which python3,None,Help,Easy,Safe,find command;locate program;path,man;type,Prints the full path of the program that would run.
C1-12,1,type,Show how a name would be interpreted,type <command>,type ls,-a,Help,Medium,Safe,alias;builtin;function or command,which,"Tells you if it's an alias, builtin, or file."
C1-13,1,alias,Create a shortcut for a command,alias name='command',alias ll='ls -la',None,Terminal,Easy,Safe,shortcut;custom command,unalias;type,Only lasts for the session unless added to .bashrc.
C1-14,1,unalias,Remove a command alias,unalias <name>,unalias ll,-a,Terminal,Easy,Safe,remove shortcut,alias,Removes a previously set alias.
C1-15,1,exit,Close the terminal session,exit,exit,None,Terminal,Easy,Safe,quit;close shell;logout,logout,Ends the current shell session.
C1-16,1,reset,Reset terminal display,reset,reset,None,Terminal,Easy,Safe,fix terminal;broken display,clear,Fixes a terminal that displays garbled text.
C1-17,1,tty,Show the terminal device name,tty,tty,None,Terminal,Medium,Safe,terminal name;device file,whoami,Useful when scripting terminal-specific behavior.
C1-18,1,echo,Print text to the terminal,echo <text>,"echo ""Hello Orbit""",-n -e,Terminal,Easy,Safe,print;output;write text,cat;printf,Using > sends output into a file but overwrites it.
C1-19,1,printf,Print formatted text,printf <format> <args>,"printf ""%s\n"" hello",None,Terminal,Medium,Safe,formatted output;print,echo,More precise formatting control than echo.
C1-20,1,clear-history,Clear stored shell history,history -c,history -c,None,Terminal,Easy,Caution,clear history;delete history,history,Removes all remembered commands for this session.
C2-01,2,mkdir,Create a new directory,mkdir <directory>,mkdir projects,-p,Files,Easy,Safe,make folder;new folder;create directory,rmdir;ls,Creates a folder. -p also creates parent folders.
C2-02,2,rmdir,Remove an empty directory,rmdir <directory>,rmdir test,None,Files,Easy,Safe,delete folder;remove folder,mkdir;rm,Works only on empty directories.
C2-03,2,touch,Create an empty file,touch <file>,touch notes.txt,None,Files,Easy,Safe,new file;create file;update timestamp,cat;mkdir,Creates a file if it doesn't exist.
C2-04,2,cp,Copy files or directories,cp [options] <source> <destination>,cp file.txt backup.txt,-r -v -i,Files,Easy,Caution,copy;duplicate;backup,mv;rm,-r copies directories. Overwrites the destination without asking unless -i is used.
C2-05,2,mv,Move or rename files,mv <source> <destination>,mv file.txt Documents/,-i,Files,Easy,Caution,move;rename;relocate,cp;rm,Can also rename files. Overwrites the destination without asking unless -i is used.
C2-06,2,rm,Remove files or directories,rm [options] <file>,rm notes.txt,-r -f -i,Files,Medium,Dangerous,delete;remove;erase,rmdir;mv,Use with caution. Deleted files do not go to the trash.
C2-07,2,cat,Display file contents,cat <file>,cat notes.txt,-n,Files,Easy,Safe,read file;show file;print file,less;head;tail,Prints file contents.
C2-08,2,less,View file one page at a time,less <file>,less notes.txt,None,Files,Easy,Safe,scroll;read long file;pager,cat;head;more,Press q to quit.
C2-09,2,more,View file one screen at a time,more <file>,more notes.txt,None,Files,Easy,Safe,pager;read file,less,"Older pager than less, cannot scroll backwards."
C2-10,2,head,Display first lines of a file,head [options] <file>,head notes.txt,-n,Files,Easy,Safe,top of file;first lines,tail;cat,Default is first 10 lines.
C2-11,2,tail,Display last lines of a file,tail [options] <file>,tail notes.txt,-n -f,Files,Easy,Safe,end of file;last lines;follow log,head;cat,-f follows file updates in real time.
C2-12,2,ln,Create a link to a file,ln [-s] <target> <link_name>,ln -s notes.txt shortcut.txt,-s,Files,Medium,Caution,shortcut;symlink;link;hardlink,cp;ls,-s makes a symbolic link (a shortcut).
C2-13,2,file,Identify a file's type,file <file>,file photo.jpg,None,Files,Easy,Safe,file type;what is this file,ls;stat,"Detects the type from content, not the extension."
C2-14,2,stat,Show detailed file information,stat <file>,stat notes.txt,None,Files,Easy,Safe,size;timestamps;permissions;metadata,ls;file,"Shows size, permissions, and timestamps."
C2-15,2,rename,Rename multiple files with a pattern,rename 's/old/new/' <files>,rename 's/.txt/.md/' *.txt,None,Files,Hard,Caution,batch rename;bulk rename,mv,Uses Perl-style regex. Not installed by default on every system.
C2-16,2,basename,Strip directory and suffix from a path,basename <path>,basename /home/user/file.txt,-s,Files,Medium,Safe,filename only;strip path,dirname,Returns just the file name portion.
C2-17,2,dirname,Strip filename from a path,dirname <path>,dirname /home/user/file.txt,None,Files,Medium,Safe,folder path;strip filename,basename,Returns just the directory portion.
C2-18,2,realpath,Show the absolute path of a file,realpath <path>,realpath ./notes.txt,None,Files,Medium,Safe,full path;absolute path;resolve link,pwd;readlink,Resolves symlinks and relative paths.
C2-19,2,readlink,Show what a symlink points to,readlink <symlink>,readlink shortcut.txt,-f,Files,Medium,Safe,symlink target;where does link point,ln;realpath,-f resolves the full chain of links.
C2-20,2,shred,Securely delete a file's contents,shred [options] <file>,shred -u secret.txt,-u -n,Files,Hard,Dangerous,secure delete;wipe file;destroy data,rm,Overwrites data before deleting so it can't be recovered easily.
C2-21,2,tree,Show directory structure as a tree,tree [path],tree Documents,-L,Files,Easy,Safe,folder structure;directory tree;visualize files,ls;find,May need installing with apt.
C2-22,2,df,Show disk space by filesystem,df [options],df -h,-h -T,Files,Easy,Safe,disk space;storage;free space,du;lsblk,-h prints human readable sizes.
C2-23,2,du,Show disk usage of files and folders,du [options] <path>,du -sh Documents,-s -h,Files,Medium,Safe,folder size;what is using space,df;ls,-s gives one total per argument.
C2-24,2,lsblk,List storage devices,lsblk,lsblk,-f,Files,Medium,Safe,drives;partitions;disks,df;uname,Shows disks and their partitions as a tree.
C2-25,2,mount,Attach a filesystem,mount <device> <mountpoint>,sudo mount /dev/sdb1 /mnt/usb,-t,Files,Hard,Caution,attach drive;usb drive;mount disk,umount;lsblk,Usually needs sudo.
C2-26,2,umount,Detach a filesystem,umount <mountpoint>,sudo umount /mnt/usb,-f,Files,Hard,Caution,eject drive;detach disk;unmount,mount,Safely disconnects a mounted drive before removal.
C2-27,2,fdisk,View or edit disk partitions,fdisk <device>,sudo fdisk -l,-l,Files,Hard,Dangerous,partitions;disk editor,lsblk;mount,Can destroy data if used carelessly on the wrong disk.
C3-01,3,grep,Search text using patterns,grep [options] <pattern> <file>,grep error log.txt,-i -n -r -v,Search,Medium,Safe,search;find text;filter;match,find;cat,-i ignores case. -r searches folders.
C3-02,3,egrep,Search using extended regular expressions,egrep <pattern> <file>,egrep 'foo|bar' file.txt,-i -n,Search,Medium,Safe,regex search;extended pattern,grep,Equivalent to grep -E.
C3-03,3,find,Search for files and directories,find <path> -name <pattern>,"find . -name ""*.py""",-name -type -mtime,Search,Medium,Safe,locate file;search files;where is,grep;ls,Avoid -delete until you have checked the results.
C3-04,3,locate,Quickly find files by name using an index,locate <name>,locate notes.txt,-i,Search,Easy,Safe,fast search;find by name,find;updatedb,Needs updatedb run first and may be slightly outdated.
C3-05,3,updatedb,Refresh the file index used by locate,updatedb,sudo updatedb,None,Search,Medium,Caution,refresh index;update search database,locate,Usually run automatically on a schedule.
C3-06,3,wc,Count lines and words and characters,wc [options] <file>,wc -l notes.txt,-l -w -c,Text,Easy,Safe,count;lines;words;length,cat;grep,-l counts lines.
C3-07,3,sort,Sort lines of text,sort [options] <file>,sort names.txt,-r -n -u,Text,Easy,Safe,order;alphabetical;arrange,uniq;cut,-n sorts numerically.
C3-08,3,uniq,Remove duplicate adjacent lines,uniq [options] <file>,sort names.txt | uniq,-c -d,Text,Medium,Safe,duplicates;unique;repeats,sort;wc,"Only removes duplicates that sit next to each other, so sort first."
C3-09,3,cut,Extract columns from text,cut -d <delimiter> -f <field> <file>,"cut -d , -f 1 data.csv",-d -f,Text,Medium,Safe,column;field;split;csv,sort;grep,Handy for CSV files.
C3-10,3,paste,Merge lines from multiple files,paste <file1> <file2>,paste names.txt scores.txt,-d,Text,Medium,Safe,merge columns;combine files,cut,Joins corresponding lines side by side.
C3-11,3,tr,Translate or delete characters,tr <set1> <set2>,echo hi | tr a-z A-Z,-d -s,Text,Medium,Safe,replace characters;uppercase;lowercase,sed,"Works on streams, not files directly."
C3-12,3,sed,Stream editor for text transformation,sed 's/old/new/' <file>,sed 's/foo/bar/g' file.txt,-i -n,Text,Hard,Caution,find and replace;edit text;substitute,grep;awk,"-i edits the file in place, so test without it first."
C3-13,3,awk,Pattern scanning and text processing language,awk '{pattern}' <file>,awk '{print $1}' data.txt,-F,Text,Hard,Safe,columns;text processing;extract fields,cut;sed,Great for column-based data.
C3-14,3,diff,Compare two files line by line,diff <file1> <file2>,diff old.txt new.txt,-u -y,Text,Medium,Safe,compare;difference;changes,cat;cmp,-u shows a unified diff.
C3-15,3,cmp,Check if two files are identical,cmp <file1> <file2>,cmp file1.bin file2.bin,-s,Text,Medium,Safe,identical files;byte compare,diff,Reports the first byte that differs.
C3-16,3,tee,Send output to the screen and a file,<command> | tee <file>,ls | tee files.txt,-a,Pipes,Medium,Caution,save output;log;copy output,echo;xargs,-a appends instead of overwriting.
C3-17,3,xargs,Build commands from input,<command> | xargs <command>,"find . -name ""*.tmp"" | xargs ls",-n -I,Pipes,Hard,Caution,pipe;batch;apply to many,find;tee,Test with ls before combining it with rm.
C3-18,3,nl,Number lines of a file,nl <file>,nl notes.txt,-b,Text,Easy,Safe,line numbers;numbered output,cat,Useful before referencing specific lines.
C3-19,3,rev,Reverse characters in each line,rev <file>,echo hello | rev,None,Text,Easy,Safe,reverse text,tr,Mostly used in scripting and puzzles.
C3-20,3,fold,Wrap long lines to a fixed width,fold -w <width> <file>,fold -w 60 notes.txt,-w -s,Text,Medium,Safe,wrap text;line width,fmt,Handy for formatting terminal output.
C3-21,3,fmt,Reformat text to a nicer paragraph width,fmt <file>,fmt notes.txt,-w,Text,Medium,Safe,reformat paragraph;wrap text,fold,"Different from fold, it respects paragraphs."
C3-22,3,column,Format text into aligned columns,column -t <file>,column -t data.txt,-t -s,Text,Medium,Safe,align columns;table format,cut;paste,Great for making CSV-like data readable.
C3-23,3,jq,Parse and filter JSON data,jq <filter> <file>,cat data.json | jq '.name',-r,Text,Hard,Safe,json;parse json;api response,curl;cat,Needs installing with apt on most systems.
C4-01,4,id,Show user and group IDs,id [user],id,None,Permissions,Easy,Safe,user id;uid;gid,whoami;groups,Shows your uid and gid and groups.
C4-02,4,groups,Show group memberships,groups [user],groups,None,Permissions,Easy,Safe,group membership;my groups,id,Lists the groups you belong to.
C4-03,4,chmod,Change file permissions,chmod <mode> <file>,chmod 644 notes.txt,-R,Permissions,Medium,Caution,permissions;access;make executable;read write,chown;ls,chmod +x makes a script runnable. Avoid chmod 777 because it gives everyone full access.
C4-04,4,chown,Change file owner,chown <user>:<group> <file>,sudo chown user:user notes.txt,-R,Permissions,Medium,Caution,owner;ownership;change owner,chmod;id,Usually needs sudo.
C4-05,4,chgrp,Change a file's group ownership,chgrp <group> <file>,sudo chgrp staff notes.txt,-R,Permissions,Medium,Caution,group ownership;change group,chown,Similar to chown but only changes the group.
C4-06,4,umask,Show default permissions for new files,umask,umask,None,Permissions,Hard,Safe,default permissions;new file permissions,chmod,Shows which permission bits are removed from new files.
C4-07,4,sudo,Run a command as administrator,sudo <command>,sudo apt update,-u,Permissions,Medium,Dangerous,root;admin;superuser;elevated,chmod;apt,"Runs with full system power, so read the command twice."
C4-08,4,su,Switch to another user account,su [username],su root,-,Permissions,Medium,Dangerous,switch user;become root;change account,sudo;whoami,Requires the target user's password.
C4-09,4,passwd,Change a user password,passwd [user],passwd,None,Permissions,Easy,Caution,password;change password,sudo;id,Asks for the current password first.
C4-10,4,useradd,Create a new user account,sudo useradd <username>,sudo useradd malaika,-m -s,Permissions,Hard,Dangerous,new user;create account,userdel;passwd,Usually paired with -m to create a home folder.
C4-11,4,userdel,Delete a user account,sudo userdel <username>,sudo userdel testuser,-r,Permissions,Hard,Dangerous,remove user;delete account,useradd,-r also removes their home directory.
C4-12,4,usermod,Modify an existing user account,sudo usermod [options] <username>,sudo usermod -aG sudo malaika,-aG -s,Permissions,Hard,Caution,modify user;add to group;change shell,useradd;groups,-aG adds the user to a group without removing existing ones.
C4-13,4,groupadd,Create a new group,sudo groupadd <groupname>,sudo groupadd developers,None,Permissions,Medium,Caution,new group;create group,groupdel;usermod,Groups help manage shared permissions.
C4-14,4,groupdel,Delete a group,sudo groupdel <groupname>,sudo groupdel testgroup,None,Permissions,Medium,Caution,remove group;delete group,groupadd,Fails if it's still a user's primary group.
C4-15,4,visudo,Safely edit the sudoers file,sudo visudo,sudo visudo,None,Permissions,Hard,Dangerous,sudo permissions;edit sudoers,sudo,Checks syntax before saving to avoid locking yourself out.
C4-16,4,last,Show recent login history,last [user],last,-n,Permissions,Medium,Safe,login history;who logged in,who;whoami,Useful for spotting unexpected logins.
C4-17,4,who,Show who is currently logged in,who,who,None,Permissions,Easy,Safe,logged in users;active sessions,w;last,Simpler than the w command.
C4-18,4,w,Show who is logged in and what they're doing,w,w,None,Permissions,Medium,Safe,active users;current activity,who;top,Shows load average and active processes per user.
C5-01,5,ps,Show running processes,ps [options],ps aux,aux -e -f,Processes,Medium,Safe,running programs;pid;processes,top;kill,aux lists every process.
C5-02,5,top,Live view of processes and resource use,top,top,-u,Processes,Easy,Safe,monitor;cpu;memory usage;task manager,ps;free,Press q to quit.
C5-03,5,htop,Improved interactive process viewer,htop,htop,None,Processes,Easy,Safe,monitor;task manager;nicer top,top;ps,Usually needs installing with apt.
C5-04,5,kill,Stop a process by PID,kill [signal] <PID>,kill 1234,-9 -15,Processes,Medium,Caution,stop process;terminate;end program,ps;top;killall,Try plain kill first. -9 forces it with no cleanup.
C5-05,5,killall,Stop processes by name,killall <name>,killall firefox,-9,Processes,Medium,Caution,stop by name;terminate program,kill;pkill,Kills every process matching that name.
C5-06,5,pkill,Stop processes matching a pattern,pkill <pattern>,pkill -f script.py,-f -9,Processes,Medium,Caution,stop matching;terminate pattern,killall;kill,More flexible matching than killall.
C5-07,5,pgrep,Find process IDs by name,pgrep <name>,pgrep firefox,-l,Processes,Easy,Safe,find pid;search processes,ps;pkill,Useful before deciding whether to kill something.
C5-08,5,nice,Start a process with adjusted priority,nice -n <value> <command>,nice -n 10 ./script.sh,-n,Processes,Hard,Safe,priority;cpu scheduling,renice;top,Lower numbers mean higher priority.
C5-09,5,renice,Change the priority of a running process,renice <value> -p <PID>,renice 10 -p 1234,-p,Processes,Hard,Caution,change priority;adjust priority,nice;ps,Requires sudo to increase another user's process priority.
C5-10,5,jobs,List background jobs in the current shell,jobs,jobs,-l,Processes,Medium,Safe,background tasks;running jobs,bg;fg,Only shows jobs from the current terminal session.
C5-11,5,bg,Resume a job in the background,bg [job],bg %1,None,Processes,Medium,Safe,background;resume job,jobs;fg,Used after pausing a job with Ctrl+Z.
C5-12,5,fg,Bring a background job to the foreground,fg [job],fg %1,None,Processes,Medium,Safe,foreground;resume job,jobs;bg,Brings a paused or backgrounded job back to the front.
C5-13,5,nohup,Run a command immune to hangups,nohup <command> &,nohup ./script.sh &,None,Processes,Hard,Safe,keep running;survive logout;background,screen;tmux,Keeps a process running after the terminal closes.
C5-14,5,uname,Show system information,uname [options],uname -a,-a -r,System,Easy,Safe,kernel;os;version,uptime;lsblk,-r shows the kernel version.
C5-15,5,uptime,Show how long the system has been running,uptime,uptime,-p,System,Easy,Safe,how long on;load average,top;date,Also shows load averages.
C5-16,5,free,Show memory usage,free [options],free -h,-h -m,System,Easy,Safe,ram;memory,top;df,-h prints human readable sizes.
C5-17,5,vmstat,Report virtual memory statistics,vmstat [interval],vmstat 2,None,System,Hard,Safe,memory stats;performance;system activity,free;top,Useful for spotting performance bottlenecks.
C5-18,5,lscpu,Show CPU architecture information,lscpu,lscpu,None,System,Medium,Safe,cpu info;processor details,uname;free,"Shows cores, threads, and cache sizes."
C5-19,5,lsusb,List connected USB devices,lsusb,lsusb,-v,System,Medium,Safe,usb devices;connected hardware,lspci;lsblk,Useful for hardware troubleshooting.
C5-20,5,lspci,List connected PCI devices,lspci,lspci,-v,System,Medium,Safe,pci devices;hardware;graphics card,lsusb;uname,Shows things like your GPU and network card.
C5-21,5,dmesg,Show kernel ring buffer messages,dmesg,dmesg,-T,System,Hard,Safe,kernel messages;boot log;hardware errors,journalctl,Useful for diagnosing hardware and driver issues.
C5-22,5,journalctl,View systemd logs,journalctl [options],journalctl -xe,-u -f -xe,System,Hard,Safe,system logs;service logs;error logs,dmesg;systemctl,-u filters by a specific service.
C6-01,6,ping,Test connection to a host,ping <host>,ping -c 4 google.com,-c,Network,Easy,Safe,connectivity;internet check;latency,ip;curl,Press Ctrl+C to stop or use -c to limit the count.
C6-02,6,hostname,Show the computer name,hostname,hostname,-I,Network,Easy,Safe,computer name;ip address,ip,-I shows IP addresses.
C6-03,6,ip,Show or manage network interfaces,ip <object> [options],ip addr,addr route link,Network,Medium,Safe,ip address;network interface;wifi,ping;ss,'ip addr' shows your IP addresses.
C6-04,6,ifconfig,Show or configure network interfaces (legacy),ifconfig,ifconfig,-a,Network,Medium,Safe,network interface;ip address;legacy,ip,"Older command, largely replaced by 'ip'."
C6-05,6,ss,List network connections and open ports,ss [options],ss -tuln,-t -u -l -n,Network,Hard,Safe,open ports;listening;sockets,ip;ps,Shows what is listening on your machine. Very useful for security.
C6-06,6,netstat,Show network connections (legacy),netstat [options],netstat -tuln,-t -u -l -n,Network,Hard,Safe,open ports;connections;legacy,ss,"Older command, mostly replaced by ss."
C6-07,6,curl,Transfer data from a URL,curl [options] <url>,curl -I https://example.com,-I -o -L,Network,Medium,Caution,download;http request;fetch;api,wget;ping,-I shows only headers. Never pipe an unknown script into a shell.
C6-08,6,wget,Download files from the web,wget <url>,wget https://example.com/file.zip,-O -c,Network,Easy,Caution,download;fetch file,curl,-c resumes a broken download.
C6-09,6,ssh,Log in to another computer securely,ssh <user>@<host>,ssh user@192.168.1.10,-p -i,Network,Hard,Caution,remote login;secure shell;remote,scp;ip,Only connect to machines you own or have permission to use.
C6-10,6,scp,Copy files over SSH,scp <source> <user>@<host>:<path>,scp notes.txt user@host:~/,-r -P,Network,Hard,Caution,remote copy;upload;transfer,ssh;cp,Overwrites files on the destination without asking.
C6-11,6,rsync,Efficiently sync files between locations,rsync [options] <source> <destination>,rsync -av Documents/ backup/,-a -v -z,Network,Hard,Caution,sync files;backup;mirror folders,scp;cp,"Only copies what changed, which makes it much faster than cp for backups."
C6-12,6,dig,Query DNS name servers,dig <domain>,dig example.com,+short,Network,Hard,Safe,dns lookup;domain info,nslookup;ping,+short gives just the IP address.
C6-13,6,nslookup,Look up a domain's IP address,nslookup <domain>,nslookup example.com,None,Network,Medium,Safe,dns lookup;domain to ip,dig,Simpler alternative to dig.
C6-14,6,traceroute,Trace the path packets take to a host,traceroute <host>,traceroute google.com,None,Network,Hard,Safe,network path;hops;latency diagnosis,ping;dig,May need installing with apt.
C6-15,6,nmap,Scan a network for hosts and open ports,nmap [options] <target>,nmap -sV 192.168.1.1,-sV -p,Network,Hard,Caution,port scan;network scan;security scan,ss;ping,Only scan networks you own or have explicit permission to test.
C6-16,6,iptables,Configure firewall rules (legacy),iptables [options],sudo iptables -L,-L -A,Network,Hard,Dangerous,firewall;block traffic;security rules,ufw;ss,A wrong rule can lock you out of remote access.
C6-17,6,ufw,Manage the firewall (Uncomplicated Firewall),sudo ufw <action>,sudo ufw allow 22,allow deny status,Network,Medium,Caution,firewall;allow port;block port,iptables,Simpler front end for iptables on Ubuntu.
C6-18,6,nc,Read and write data across network connections,nc [options] <host> <port>,nc -zv example.com 80,-z -v -l,Network,Hard,Caution,port check;netcat;raw connection,ss;nmap,"Also called netcat, very versatile for testing ports."
C7-01,7,apt,Install and manage software packages,sudo apt <action> [package],sudo apt update,update install remove upgrade,Packages,Medium,Caution,install software;update;package manager;ubuntu,sudo;which,Run update before install.
C7-02,7,apt-get,Older package manager frontend,sudo apt-get <action> [package],sudo apt-get install curl,install remove update,Packages,Medium,Caution,install software;package manager,apt,Mostly replaced by the simpler apt command.
C7-03,7,dpkg,Install and inspect .deb package files directly,sudo dpkg -i <file.deb>,sudo dpkg -i app.deb,-i -r -l,Packages,Hard,Caution,install deb;low level package tool,apt,Doesn't resolve dependencies automatically like apt does.
C7-04,7,snap,Install and manage snap packages,sudo snap <action> <package>,sudo snap install code,install remove list,Packages,Medium,Caution,snap package;sandboxed app,apt,Snaps are sandboxed and update automatically.
C7-05,7,pip,Install Python packages,pip install <package>,pip install requests,install uninstall list,Packages,Easy,Caution,python package;install library,python3;pip3,Prefer a virtual environment over installing globally.
C7-06,7,tar,Bundle and unpack archives,tar [options] <archive> [files],tar -czf backup.tar.gz Documents,-c -x -z -v -f,Archives,Hard,Caution,compress;extract;backup;archive;tar.gz,zip;unzip,"c create, x extract, z gzip, f file."
C7-07,7,zip,Compress files into a zip archive,zip [options] <archive.zip> <files>,zip -r backup.zip Documents,-r,Archives,Easy,Safe,compress;zip files,unzip;tar,May need installing with apt.
C7-08,7,unzip,Extract a zip archive,unzip <archive.zip>,unzip backup.zip,-d,Archives,Easy,Caution,extract;unpack,zip;tar,-d extracts into a chosen folder. Can overwrite files.
C7-09,7,gzip,Compress a single file,gzip <file>,gzip notes.txt,-d -k,Archives,Easy,Caution,compress;gz file,gunzip;tar,Replaces the original file with a .gz version unless -k is used.
C7-10,7,gunzip,Decompress a .gz file,gunzip <file.gz>,gunzip notes.txt.gz,-k,Archives,Easy,Safe,decompress;unzip gz,gzip,Restores the original file from a .gz archive.
C8-01,8,git init,Initialize a new git repository,git init,git init,None,Git,Easy,Safe,start repository;new repo;version control,git status;git add,Creates a hidden .git folder to track changes.
C8-02,8,git status,Show the state of the working directory,git status,git status,-s,Git,Easy,Safe,check changes;what changed;repo status,git diff;git add,"Shows staged, unstaged, and untracked files."
C8-03,8,git add,Stage changes for commit,git add <file>,git add lumera_orbit.py,-A,Git,Easy,Safe,stage changes;prepare commit,git status;git commit,-A stages every changed file.
C8-04,8,git commit,Save staged changes to history,"git commit -m ""message""","git commit -m ""Add keyword search""",-m -a,Git,Easy,Safe,save changes;record snapshot,git add;git log,"Write clear messages, your future self will thank you."
C8-05,8,git push,Upload commits to a remote repository,git push [remote] [branch],git push origin main,-f,Git,Medium,Caution,upload;publish commits;sync to github,git pull;git commit,-f force-pushes and can overwrite others' work.
C8-06,8,git pull,Download and merge remote changes,git pull [remote] [branch],git pull origin main,--rebase,Git,Medium,Caution,download changes;sync;update local repo,git fetch;git merge,Can create merge conflicts you'll need to resolve.
C8-07,8,git fetch,Download remote changes without merging,git fetch [remote],git fetch origin,None,Git,Medium,Safe,download only;check remote changes,git pull;git merge,Safer than pull since it doesn't change your files.
C8-08,8,git clone,Copy a remote repository locally,git clone <url>,git clone https://github.com/user/repo.git,--depth,Git,Easy,Safe,download repo;copy project,git init;git pull,Creates a new folder with the full project history.
C8-09,8,git branch,"List, create, or delete branches",git branch [name],git branch feature-x,-d,Git,Medium,Safe,branches;feature branch;list branches,git checkout;git merge,Without arguments it lists existing branches.
C8-10,8,git checkout,Switch branches or restore files,git checkout <branch>,git checkout feature-x,-b,Git,Medium,Caution,switch branch;restore file,git branch;git switch,-b creates a new branch and switches to it.
C8-11,8,git switch,Switch between branches,git switch <branch>,git switch main,-c,Git,Medium,Safe,change branch;switch branch,git checkout,"Newer, clearer alternative to git checkout for branches."
C8-12,8,git merge,Combine changes from another branch,git merge <branch>,git merge feature-x,--no-ff,Git,Hard,Caution,combine branches;integrate changes,git branch;git rebase,Can produce conflicts that need manual resolution.
C8-13,8,git rebase,Reapply commits on top of another base,git rebase <branch>,git rebase main,-i,Git,Hard,Dangerous,rewrite history;reapply commits,git merge,"Rewrites commit history, risky on shared branches."
C8-14,8,git log,Show commit history,git log,git log --oneline,--oneline --graph,Git,Easy,Safe,commit history;past commits,git status;git diff,--oneline gives a compact view.
C8-15,8,git diff,Show changes between commits or files,git diff [file],git diff lumera_orbit.py,--staged,Git,Medium,Safe,see changes;compare versions,git status;git log,--staged shows changes already added.
C8-16,8,git stash,Temporarily shelve uncommitted changes,git stash,git stash,pop list,Git,Medium,Safe,save for later;shelve changes,git checkout;git diff,git stash pop brings the changes back.
C8-17,8,git reset,Undo staged changes or move HEAD,git reset [options] [commit],git reset --hard HEAD~1,--soft --hard,Git,Hard,Dangerous,undo commit;unstage;rewind history,git revert;git log,"--hard permanently discards changes, use carefully."
C8-18,8,git revert,Create a new commit that undoes a previous one,git revert <commit>,git revert abc1234,None,Git,Hard,Caution,undo safely;reverse commit,git reset,Safer than reset because it doesn't rewrite history.
C8-19,8,git remote,Manage connections to remote repositories,git remote [options],git remote -v,add remove -v,Git,Medium,Safe,remote url;github link;origin,git push;git clone,-v shows the URLs for fetch and push.
C8-20,8,git tag,"Mark a specific commit, often for releases",git tag <name>,git tag v1.0,-a,Git,Medium,Safe,release;version tag;milestone,git log,Useful for marking versions like v1.0.
C8-21,8,git clean,Remove untracked files from the working directory,git clean [options],git clean -fd,-f -d -n,Git,Hard,Dangerous,delete untracked;remove new files,git status;rm,"-n previews what would be deleted, always check first."
C8-22,8,git config,Configure git settings,git config <key> <value>,"git config user.name ""Malaika""",--global,Git,Medium,Safe,git settings;configure name;configure email,git init,--global applies to every repo on the machine.
C8-23,8,git blame,Show who last modified each line of a file,git blame <file>,git blame lumera_orbit.py,-L,Git,Medium,Safe,who changed this;line history,git log,Useful for understanding why a line exists.
C8-24,8,git show,Show details of a specific commit,git show <commit>,git show abc1234,None,Git,Medium,Safe,commit details;view commit,git log;git diff,Shows the diff introduced by that commit.
C8-25,8,git rm,Remove a file and stage the deletion,git rm <file>,git rm old_notes.txt,--cached,Git,Medium,Caution,delete tracked file;remove from git,rm;git add,--cached removes it from git but keeps it on disk.
C9-01,9,docker run,Create and start a new container,docker run [options] <image>,docker run -it ubuntu bash,-it -d -p,Docker,Medium,Caution,start container;run image,docker ps;docker stop,-d runs it in the background (detached).
C9-02,9,docker ps,List running containers,docker ps,docker ps,-a,Docker,Easy,Safe,list containers;running containers,docker run;docker stop,-a also shows stopped containers.
C9-03,9,docker stop,Stop a running container,docker stop <container>,docker stop my_container,None,Docker,Easy,Caution,stop container;shut down container,docker ps;docker start,Container can be restarted later with docker start.
C9-04,9,docker start,Start an existing stopped container,docker start <container>,docker start my_container,None,Docker,Easy,Safe,start container;resume container,docker stop;docker ps,Reuses the existing container instead of creating a new one.
C9-05,9,docker build,Build an image from a Dockerfile,docker build -t <name> <path>,docker build -t orbit-app .,-t,Docker,Hard,Safe,build image;create image;dockerfile,docker run;docker images,-t tags the image with a readable name.
C9-06,9,docker images,List locally stored images,docker images,docker images,None,Docker,Easy,Safe,list images;stored images,docker build;docker rmi,Shows the size and creation date of each image.
C9-07,9,docker rmi,Remove a docker image,docker rmi <image>,docker rmi orbit-app,-f,Docker,Medium,Caution,delete image;remove image,docker images,Fails if a container still uses that image.
C9-08,9,docker rm,Remove a stopped container,docker rm <container>,docker rm my_container,-f,Docker,Medium,Caution,delete container;remove container,docker ps,-f force-removes even a running container.
C9-09,9,docker exec,Run a command inside a running container,docker exec -it <container> <command>,docker exec -it my_container bash,-it,Docker,Medium,Caution,enter container;run command inside,docker run;docker ps,Great for debugging a container that's already running.
C9-10,9,docker logs,Show output from a container,docker logs <container>,docker logs my_container,-f,Docker,Easy,Safe,container output;debug container,docker ps;docker exec,-f follows the log output live.
C9-11,9,docker pull,Download an image from a registry,docker pull <image>,docker pull ubuntu:latest,None,Docker,Easy,Safe,download image;get image,docker images;docker run,Downloads from Docker Hub by default.
C9-12,9,docker push,Upload an image to a registry,docker push <image>,docker push user/orbit-app,None,Docker,Medium,Caution,upload image;publish image,docker build;docker pull,Requires logging in with docker login first.
C9-13,9,docker-compose up,Start services defined in a compose file,docker-compose up,docker-compose up -d,-d,Docker,Hard,Caution,start services;multi container app,docker-compose down;docker run,Reads instructions from docker-compose.yml.
C9-14,9,docker-compose down,Stop and remove compose-managed containers,docker-compose down,docker-compose down,-v,Docker,Medium,Caution,stop services;remove containers,docker-compose up,-v also deletes named volumes.
C10-01,10,systemctl status,Check a service's current status,systemctl status <service>,systemctl status ssh,None,Services,Easy,Safe,service status;is it running,systemctl start;journalctl,"Shows whether a service is active, failed, or stopped."
C10-02,10,systemctl start,Start a service,sudo systemctl start <service>,sudo systemctl start nginx,None,Services,Medium,Caution,start service;launch service,systemctl stop;systemctl status,Starts it for the current session only.
C10-03,10,systemctl stop,Stop a service,sudo systemctl stop <service>,sudo systemctl stop nginx,None,Services,Medium,Caution,stop service;shut down service,systemctl start,Stops it until manually started again.
C10-04,10,systemctl restart,Restart a service,sudo systemctl restart <service>,sudo systemctl restart nginx,None,Services,Medium,Caution,restart service;reload service,systemctl stop;systemctl start,Common step after changing a service's configuration.
C10-05,10,systemctl enable,Make a service start automatically at boot,sudo systemctl enable <service>,sudo systemctl enable nginx,--now,Services,Medium,Caution,autostart;enable on boot,systemctl disable,--now also starts it immediately.
C10-06,10,systemctl disable,Stop a service from starting at boot,sudo systemctl disable <service>,sudo systemctl disable nginx,None,Services,Medium,Caution,disable autostart;prevent boot start,systemctl enable,"Doesn't stop it now, only affects future boots."
C10-07,10,systemctl list-units,List active systemd units,systemctl list-units,systemctl list-units --type=service,--type,Services,Medium,Safe,list services;active units,systemctl status,Useful for seeing everything currently running.
C10-08,10,service,Manage services (legacy interface),sudo service <name> <action>,sudo service nginx restart,start stop restart,Services,Medium,Caution,legacy service manager,systemctl,"Older interface, mostly replaced by systemctl."
C11-01,11,cron,Background daemon that runs scheduled tasks,N/A (managed via crontab),N/A,None,Scheduling,Hard,Caution,scheduled tasks;automation;background jobs,crontab,"You configure it through the crontab command, not directly."
C11-02,11,crontab,Edit a user's scheduled cron jobs,crontab -e,crontab -e,-e -l -r,Scheduling,Hard,Caution,schedule job;automate task;cron job,cron;at,"A wrong entry can silently run at the wrong time, test it first."
C11-03,11,at,Schedule a one-time command for later,at <time>,at 5pm,None,Scheduling,Hard,Caution,run once later;one time task,crontab,May need installing with apt.
C11-04,11,watch,Repeatedly run a command and show the output,watch [options] <command>,watch -n 2 df -h,-n,Scheduling,Medium,Safe,repeat command;monitor changes,top;date,Great for watching something change in real time.
C11-05,11,sleep,Pause execution for a period of time,sleep <seconds>,sleep 5,None,Scheduling,Easy,Safe,pause;wait;delay,watch,Commonly used inside scripts between steps.
C11-06,11,timeout,Run a command with a time limit,timeout <seconds> <command>,timeout 10 ping example.com,-s,Scheduling,Medium,Safe,time limit;kill after;prevent hanging,sleep;kill,Kills the command automatically if it runs too long.
C12-01,12,bash,Run a shell script or start a new shell,bash <script.sh>,bash setup.sh,-x,Scripting,Medium,Caution,run script;execute shell script,chmod;sh,"-x prints each command as it runs, useful for debugging."
C12-02,12,sh,POSIX-compatible shell interpreter,sh <script.sh>,sh setup.sh,None,Scripting,Medium,Caution,run script;posix shell,bash,More limited feature set than bash.
C12-03,12,source,Run a script in the current shell session,source <script.sh>,source ~/.bashrc,None,Scripting,Medium,Safe,reload config;apply changes now,bash;export,Also written as a single dot: . script.sh
C12-04,12,export,Set an environment variable,export VAR=value,export PATH=$PATH:/opt/tools,None,Scripting,Medium,Caution,environment variable;set variable,env;echo,Only lasts for the current session unless added to .bashrc.
C12-05,12,env,Show or run with a modified environment,env,env,-i,Scripting,Medium,Safe,environment variables;list env,export;printenv,Lists every currently set environment variable.
C12-06,12,printenv,Print environment variables,printenv [VAR],printenv PATH,None,Scripting,Easy,Safe,view variable;check environment,env;export,Simpler alternative to env for checking one variable.
C12-07,12,if,Conditional branching in a script,if [ condition ]; then ...; fi,if [ -f file.txt ]; then echo yes; fi,None,Scripting,Medium,Safe,condition;branching;logic,test;case,Square brackets need spaces around them.
C12-08,12,for,Loop over a list of items in a script,for i in list; do ...; done,for f in *.txt; do echo $f; done,None,Scripting,Medium,Safe,loop;repeat;iterate,while;xargs,Useful for processing many files the same way.
C12-09,12,while,Repeat while a condition is true,while [ condition ]; do ...; done,while read line; do echo $line; done < file.txt,None,Scripting,Medium,Safe,loop;repeat until;read lines,for;read,Common for reading a file line by line.
C12-10,12,function,Define a reusable block of shell commands,function name() { ...; },function greet() { echo hi; },None,Scripting,Medium,Safe,reusable code;define function,source;bash,Can also be written without the 'function' keyword.
C12-11,12,read,Read a line of input into a variable,read <variable>,read name,-p,Scripting,Medium,Safe,user input;prompt;get input,echo;while,-p shows a prompt message before reading.
C12-12,12,test,Evaluate a conditional expression,test <expression>,test -f file.txt,-f -d -z,Scripting,Medium,Safe,condition check;file exists;compare,if,Usually written with brackets instead: [ -f file.txt ]
C12-13,12,exit (script),Exit a script with a status code,exit <code>,exit 1,None,Scripting,Easy,Safe,exit code;script status;error code,test,"Code 0 means success, anything else usually means an error."
C12-14,12,trap,Run a command when a script receives a signal,trap <command> <signal>,trap 'echo Interrupted' SIGINT,None,Scripting,Hard,Safe,catch signal;cleanup on exit,kill,Useful for cleanup tasks when a script is stopped early.
C12-15,12,set,Change shell options or display variables,set [options],set -e,-e -x,Scripting,Hard,Caution,shell options;strict mode,export;bash,set -e stops the script immediately if any command fails.
C13-01,13,PATH,Environment variable listing executable search folders,echo $PATH,echo $PATH,None,Environment,Medium,Safe,command search path;executable location,which;export,"If a command 'isn't found', its folder may be missing from PATH."
C13-02,13,.bashrc,Per-user shell configuration file,nano ~/.bashrc,nano ~/.bashrc,None,Environment,Medium,Caution,shell config;customize terminal;aliases file,source;alias,Runs every time you open a new terminal window.
C13-03,13,.bash_profile,Shell configuration loaded at login,nano ~/.bash_profile,nano ~/.bash_profile,None,Environment,Medium,Caution,login shell config,bashrc,Runs once at login rather than every new terminal.
C13-04,13,env vars,Custom environment variables,export NAME=value,export API_KEY=abc123,None,Environment,Medium,Caution,secrets;config values;api key,export;env,Never commit secrets like API keys into a git repository.
C13-05,13,chsh,Change a user's default shell,chsh -s <shell>,chsh -s /bin/zsh,-s,Environment,Medium,Caution,change shell;switch to zsh,bash;sh,Takes effect the next time you log in.
C13-06,13,source venv,Activate a Python virtual environment,source venv/bin/activate,source venv/bin/activate,None,Environment,Medium,Safe,virtual environment;isolate packages;python env,pip;deactivate,Keeps project dependencies separate from the system Python.
C13-07,13,deactivate,Exit a Python virtual environment,deactivate,deactivate,None,Environment,Easy,Safe,exit venv;leave virtual environment,source venv,Returns you to the system-wide Python.
C14-01,14,python3,Run Python code or start an interpreter,python3 <script.py>,python3 lumera_orbit.py,-m,Development,Easy,Safe,run python;python interpreter,pip;venv,Use python3 explicitly since Python 2 is outdated.
C14-02,14,gcc,Compile a C program,gcc <file.c> -o <output>,gcc hello.c -o hello,-o -Wall,Development,Hard,Safe,compile c;build program,make;g++,-Wall shows helpful compiler warnings.
C14-03,14,g++,Compile a C++ program,g++ <file.cpp> -o <output>,g++ main.cpp -o main,-o -std,Development,Hard,Safe,compile c++;build program,gcc;make,-std sets the C++ standard version.
C14-04,14,make,Build a project using a Makefile,make [target],make,clean install,Development,Hard,Caution,build project;run makefile,gcc;cmake,Reads instructions from a file named Makefile.
C14-05,14,cmake,Generate build files for a project,cmake <source_dir>,cmake ..,-B,Development,Hard,Safe,build system;generate makefiles,make;gcc,Commonly run from a separate build folder.
C14-06,14,gdb,Debug a compiled program,gdb <executable>,gdb ./a.out,-tui,Development,Hard,Safe,debugger;step through code;find bugs,gcc;strace,Lets you pause execution and inspect variables.
C14-07,14,strace,Trace system calls made by a program,strace <command>,strace ls,-c -f,Development,Hard,Safe,system calls;trace syscalls;debug,ltrace;gdb,Extremely useful for understanding what a program actually does.
C14-08,14,ltrace,Trace library calls made by a program,ltrace <command>,ltrace ls,-c,Development,Hard,Safe,library calls;trace functions,strace,Similar to strace but focused on library functions.
C14-09,14,objdump,Display information from object files,objdump -d <file>,objdump -d a.out,-d -x,Development,Hard,Safe,disassemble;binary analysis;reverse engineering,gdb;file,A foundational tool for reverse engineering binaries.
C14-10,14,ldd,Show shared library dependencies of a program,ldd <executable>,ldd /bin/ls,None,Development,Hard,Safe,dependencies;shared libraries,file;objdump,Useful for diagnosing 'library not found' errors.
C14-11,14,code,Open a folder or file in VS Code,code <path>,code .,None,Development,Easy,Safe,open editor;vs code,nano;vim,Opens the current folder if no path is given.
C14-12,14,nano,Simple terminal text editor,nano <file>,nano notes.txt,None,Development,Easy,Safe,edit file;text editor;beginner editor,vim;code,Ctrl+O saves and Ctrl+X exits.
C14-13,14,vim,Powerful modal terminal text editor,vim <file>,vim notes.txt,None,Development,Hard,Safe,edit file;text editor;modal editor,nano;code,"Press i to type, Esc then :wq to save and quit."
C14-14,14,diff3,Compare and merge three files,diff3 <file1> <file2> <file3>,diff3 mine.txt base.txt theirs.txt,-m,Development,Hard,Safe,three way merge;compare files,diff;git merge,"Rarely used directly, mostly runs behind the scenes in merges."
C15-01,15,pip install,Install a Python package,pip install <package>,pip install pandas,-r,Packages,Easy,Caution,python library;install package,pip;venv,-r requirements.txt installs everything listed in a file.
C15-02,15,pip uninstall,Remove a Python package,pip uninstall <package>,pip uninstall pandas,-y,Packages,Easy,Caution,remove python package,pip install,-y skips the confirmation prompt.
C15-03,15,pip list,List installed Python packages,pip list,pip list,--outdated,Packages,Easy,Safe,list packages;installed libraries,pip freeze,--outdated shows packages with newer versions available.
C15-04,15,pip freeze,Output installed packages in requirements format,pip freeze > requirements.txt,pip freeze > requirements.txt,None,Packages,Medium,Safe,export dependencies;requirements file,pip install,Used to recreate the same environment elsewhere.
C15-05,15,venv,Create an isolated Python environment,python3 -m venv <name>,python3 -m venv venv,None,Packages,Medium,Safe,virtual environment;isolate dependencies,pip;source venv,Keeps a project's packages separate from the system.
C15-06,15,npm install,Install Node.js packages,npm install [package],npm install express,-g -D,Packages,Easy,Caution,node package;javascript library;install,npm;package.json,-g installs it globally instead of just this project.
C15-07,15,npm uninstall,Remove a Node.js package,npm uninstall <package>,npm uninstall express,-g,Packages,Easy,Caution,remove node package,npm install,Removes it from node_modules and package.json.
C15-08,15,npm run,Run a script defined in package.json,npm run <script>,npm run build,None,Packages,Medium,Safe,run script;build project;start app,npm install,"Common scripts include start, build, and test."
C15-09,15,npx,Run a Node package without installing it globally,npx <package>,npx create-react-app my-app,None,Packages,Medium,Caution,run package once;no global install,npm install,Downloads and runs the package temporarily.
C15-10,15,node,Run JavaScript outside the browser,node <file.js>,node server.js,-v,Packages,Easy,Safe,run javascript;node interpreter,npm;npx,-v checks the installed Node.js version.
C16-01,16,md5sum,Calculate an MD5 checksum of a file,md5sum <file>,md5sum file.iso,-c,Security,Medium,Safe,checksum;verify file;integrity;hash,sha256sum,Used to check a download hasn't been corrupted. Not secure for passwords.
C16-02,16,sha256sum,Calculate a SHA-256 checksum of a file,sha256sum <file>,sha256sum file.iso,-c,Security,Medium,Safe,checksum;verify file;integrity;hash,md5sum,Stronger and more collision-resistant than md5sum.
C16-03,16,gpg,"Encrypt, decrypt, and sign files or messages",gpg [options] <file>,gpg -c secret.txt,-c -d --gen-key,Security,Hard,Caution,encrypt;decrypt;pgp;sign,openssl,Losing your private key means losing access to encrypted data.
C16-04,16,openssl,"Cryptography toolkit for keys, certs, and encryption",openssl <command> [options],openssl rand -hex 16,genrsa req x509,Security,Hard,Caution,encryption;certificates;random key;tls,gpg;ssh-keygen,Extremely powerful and easy to misuse without understanding the flags.
C16-05,16,ssh-keygen,Generate a public/private SSH key pair,ssh-keygen -t <type>,ssh-keygen -t ed25519,-t -f,Security,Medium,Caution,ssh key;generate key;authentication key,ssh;ssh-copy-id,Never share your private key file with anyone.
C16-06,16,ssh-copy-id,Copy your public key to a remote server,ssh-copy-id <user>@<host>,ssh-copy-id user@192.168.1.10,-i,Security,Medium,Caution,copy ssh key;passwordless login,ssh-keygen;ssh,Lets you log in without typing a password each time.
C16-07,16,ssh-agent,Manage cached SSH keys for the session,eval $(ssh-agent),eval $(ssh-agent -s),None,Security,Hard,Safe,ssh key cache;agent;credentials,ssh-add;ssh,Avoids retyping your key passphrase repeatedly.
C16-08,16,ssh-add,Add a private key to the SSH agent,ssh-add <keyfile>,ssh-add ~/.ssh/id_ed25519,-l,Security,Medium,Safe,add key;ssh agent,ssh-agent;ssh-keygen,-l lists the keys currently loaded.
C16-09,16,chattr,Change extended file attributes,chattr <attributes> <file>,sudo chattr +i important.txt,+i -i,Security,Hard,Caution,immutable file;protect file;lock file,lsattr;chmod,"+i makes a file immutable, even root can't delete it without removing the flag."
C16-10,16,lsattr,List extended file attributes,lsattr <file>,lsattr important.txt,None,Security,Hard,Safe,view attributes;check immutable,chattr,Shows special flags set with chattr.
C16-11,16,setfacl,Set fine-grained access control lists on a file,setfacl -m <rule> <file>,setfacl -m u:alex:rw file.txt,-m -x,Security,Hard,Caution,access control;fine grained permissions;acl,getfacl;chmod,Lets you grant permissions to specific users beyond owner/group/other.
C16-12,16,getfacl,Display access control lists for a file,getfacl <file>,getfacl file.txt,None,Security,Hard,Safe,view acl;check permissions,setfacl,Shows any extended ACL rules applied to a file.
C16-13,16,fail2ban-client,Manage the fail2ban intrusion prevention service,sudo fail2ban-client <command>,sudo fail2ban-client status,status unban,Security,Hard,Caution,block brute force;intrusion prevention;banned ips,ufw;iptables,Automatically bans IPs after repeated failed login attempts.
C16-14,16,clamscan,Scan files for malware using ClamAV,clamscan [options] <path>,clamscan -r /home,-r -i,Security,Medium,Safe,antivirus scan;malware check;virus scan,find,Needs the clamav package installed first.
C16-15,16,ufw status,Check the firewall's current rules,sudo ufw status,sudo ufw status verbose,verbose,Security,Easy,Safe,firewall status;check rules,ufw;iptables,Good first check when troubleshooting blocked connections.
C16-16,16,base64,Encode or decode data in base64,base64 [options] <file>,base64 file.txt,-d,Security,Medium,Safe,encode;decode;base64,xxd;openssl,-d decodes back to the original data.
C17-01,17,mkfs,Create a new filesystem on a partition,sudo mkfs -t <type> <device>,sudo mkfs -t ext4 /dev/sdb1,-t,Filesystem,Hard,Dangerous,format drive;create filesystem;partition format,fdisk;mount,Erases all existing data on that partition permanently.
C17-02,17,parted,Create and modify disk partitions,sudo parted <device>,sudo parted /dev/sdb,-l,Filesystem,Hard,Dangerous,partition tool;resize partition,fdisk;mkfs,More powerful than fdisk but equally risky if misused.
C17-03,17,fsck,Check and repair a filesystem,sudo fsck <device>,sudo fsck /dev/sda1,-y,Filesystem,Hard,Dangerous,check disk;repair filesystem;disk errors,mount;lsblk,"Never run on a mounted filesystem, unmount it first."
C17-04,17,blkid,Show block device attributes like UUID,blkid,blkid,None,Filesystem,Medium,Safe,uuid;filesystem type;disk info,lsblk;mount,Useful when writing entries into /etc/fstab.
C17-05,17,dd,Copy and convert raw data at a low level,dd if=<input> of=<output>,dd if=image.iso of=/dev/sdb bs=4M,if of bs,Filesystem,Hard,Dangerous,clone disk;write iso;raw copy,fdisk;mkfs,A wrong 'of' target can silently destroy an entire disk. Triple check it.
C17-06,17,swapon,Enable a swap file or partition,sudo swapon <file>,sudo swapon /swapfile,-a,Filesystem,Hard,Caution,enable swap;virtual memory,swapoff;free,Swap acts as overflow memory when RAM is full.
C17-07,17,swapoff,Disable a swap file or partition,sudo swapoff <file>,sudo swapoff /swapfile,-a,Filesystem,Hard,Caution,disable swap,swapon;free,Must be done before removing or resizing a swap file.
C17-08,17,sync,Flush filesystem write buffers to disk,sync,sync,None,Filesystem,Medium,Safe,flush disk;force write;save buffers,dd;umount,Good practice to run before removing a USB drive.
C17-09,17,mktemp,Create a temporary file or directory safely,mktemp,mktemp -d,-d,Filesystem,Medium,Safe,temp file;temporary directory;scratch file,touch;mkdir,Guarantees a unique name so scripts don't collide.
C17-10,17,truncate,Shrink or extend a file to a given size,truncate -s <size> <file>,truncate -s 0 log.txt,-s,Filesystem,Medium,Caution,resize file;empty file;clear log,rm;dd,truncate -s 0 quickly empties a file without deleting it.
C17-11,17,install,Copy files while setting permissions,install [options] <src> <dest>,install -m 755 script.sh /usr/local/bin/,-m,Filesystem,Hard,Caution,copy with permissions;install script,cp;chmod,Commonly used in build scripts and Makefiles.
C18-01,18,lsmod,List currently loaded kernel modules,lsmod,lsmod,None,Kernel,Hard,Safe,kernel modules;drivers loaded,modprobe;dmesg,Shows which drivers are active in the running kernel.
C18-02,18,modprobe,Load or remove a kernel module,sudo modprobe <module>,sudo modprobe nvidia,-r,Kernel,Hard,Caution,load driver;kernel module;add module,lsmod;rmmod,-r removes the module instead of loading it.
C18-03,18,insmod,Insert a module into the kernel directly,sudo insmod <module.ko>,sudo insmod driver.ko,None,Kernel,Hard,Dangerous,load module directly;kernel insert,modprobe;rmmod,"Lower level than modprobe, doesn't resolve dependencies."
C18-04,18,rmmod,Remove a module from the kernel,sudo rmmod <module>,sudo rmmod nvidia,None,Kernel,Hard,Dangerous,remove module;unload driver,modprobe;lsmod,Can crash the system if something still depends on the module.
C18-05,18,sysctl,View or change kernel parameters at runtime,sysctl <parameter>,sysctl net.ipv4.ip_forward,-w -a,Kernel,Hard,Dangerous,kernel parameters;tune system;runtime config,dmesg;uname,"-w changes a value immediately, but it resets on reboot unless saved."
C19-01,19,comm,Compare two sorted files line by line,comm <file1> <file2>,comm sorted1.txt sorted2.txt,-1 -2 -3,Text,Hard,Safe,compare sorted files;common lines;unique lines,diff;sort,Files must be sorted first for correct results.
C19-02,19,join,Join lines of two files on a common field,join <file1> <file2>,join -1 1 -2 1 a.txt b.txt,-1 -2,Text,Hard,Safe,merge on key;relational join;combine data,paste;cut,"Similar to a database join, but on plain text files."
C19-03,19,split,Split a large file into smaller pieces,split -l <lines> <file>,split -l 1000 big.csv part_,-l -b,Text,Medium,Safe,split file;break into chunks,csplit;cat,Handy for files too large to open comfortably.
C19-04,19,csplit,Split a file based on pattern matches,csplit <file> <pattern>,csplit data.txt '/START/' '{*}',None,Text,Hard,Safe,split by pattern;context split,split,More precise than split when sections are marked by a keyword.
C19-05,19,expand,Convert tabs to spaces,expand <file>,expand -t 4 code.py,-t,Text,Medium,Safe,tabs to spaces;convert whitespace,unexpand,Useful for keeping consistent indentation across editors.
C19-06,19,unexpand,Convert spaces to tabs,unexpand <file>,unexpand -a code.py,-a -t,Text,Medium,Safe,spaces to tabs;convert whitespace,expand,The reverse of expand.
C19-07,19,xxd,Create or reverse a hex dump of a file,xxd <file>,xxd notes.txt,-r,Text,Hard,Safe,hex dump;binary inspection;bytes view,hexdump;od,Useful for inspecting binary files byte by byte.
C19-08,19,hexdump,Display a file's contents in hexadecimal,hexdump [options] <file>,hexdump -C file.bin,-C,Text,Hard,Safe,hex view;binary contents,xxd;od,-C shows both hex and ASCII side by side.
C19-09,19,od,Dump a file in octal or other formats,od [options] <file>,od -c file.bin,-c -x,Text,Hard,Safe,octal dump;binary inspection,xxd;hexdump,"Older tool than xxd, still useful for scripting."
C19-10,19,strings,Extract printable text from a binary file,strings <file>,strings ./a.out,-n,Text,Medium,Safe,find text in binary;readable strings;binary analysis,file;objdump,A quick way to spot hardcoded text like URLs or passwords in a binary.
C20-01,20,arp,Show or modify the ARP table (IP to MAC mappings),arp -a,arp -a,-a -d,Network,Hard,Safe,mac address;arp table;local network devices,ip;nmap,Helps identify devices on your local network.
C20-02,20,route,Show or modify the IP routing table (legacy),route [options],route -n,-n,Network,Hard,Safe,routing table;legacy;network route,ip route,Mostly replaced by 'ip route' on modern systems.
C20-03,20,iwconfig,Show or configure wireless network interfaces,iwconfig,iwconfig,None,Network,Medium,Safe,wifi settings;wireless interface,ip;nmcli,"Legacy tool, largely replaced by nmcli on Ubuntu."
C20-04,20,nmcli,Manage network connections via NetworkManager,nmcli <object> <action>,nmcli device wifi list,device connection,Network,Medium,Safe,wifi list;manage connections;network manager,iwconfig;ip,The modern way to manage Wi-Fi and connections from the terminal.
C20-05,20,host,Simple DNS lookup utility,host <domain>,host example.com,None,Network,Easy,Safe,dns lookup;domain to ip,dig;nslookup,Simplest of the three DNS lookup tools.
C20-06,20,whois,Look up domain registration information,whois <domain>,whois example.com,None,Network,Medium,Safe,domain owner;registration info;who registered,host;dig,"Useful for research, not for live connectivity testing."
C20-07,20,telnet,Connect to a remote port for testing (unencrypted),telnet <host> <port>,telnet example.com 80,None,Network,Hard,Caution,test port;unencrypted connection;legacy remote access,nc;ssh,"Traffic is unencrypted, avoid for anything sensitive."
C20-08,20,ftp,Transfer files using the (unencrypted) FTP protocol,ftp <host>,ftp ftp.example.com,None,Network,Hard,Caution,file transfer;legacy protocol;unencrypted,scp;curl,Prefer scp or sftp since FTP sends credentials in plain text.
C20-09,20,sftp,Transfer files securely over SSH,sftp <user>@<host>,sftp user@192.168.1.10,None,Network,Medium,Caution,secure file transfer;ssh file transfer,scp;ssh,Encrypted alternative to plain FTP.
C20-10,20,iperf3,Measure network bandwidth between two hosts,iperf3 [options],iperf3 -c 192.168.1.10,-c -s,Network,Hard,Safe,bandwidth test;network speed;throughput,ping;ss,Needs iperf3 running on both the client and server ends.
C21-01,21,iotop,Monitor disk I/O usage by process,sudo iotop,sudo iotop,-o,Performance,Hard,Safe,disk io;monitor io;which process writes disk,top;du,-o shows only processes actively doing I/O.
C21-02,21,iostat,Report CPU and device I/O statistics,iostat [interval],iostat 2,-x,Performance,Hard,Safe,disk stats;io performance,vmstat;iotop,Needs the sysstat package installed.
C21-03,21,mpstat,Report per-CPU usage statistics,mpstat [interval],mpstat 2,-P,Performance,Hard,Safe,cpu usage per core;processor stats,top;lscpu,Also part of the sysstat package.
C21-04,21,sar,Collect and report historical system activity,sar [options],sar -u 1 3,-u -r,Performance,Hard,Safe,historical performance;system activity log,vmstat;iostat,Can review performance from earlier in the day if configured to log.
C21-05,21,dstat,"Combined, real-time system resource monitor",dstat,dstat,-cdngy,Performance,Medium,Safe,combined monitor;cpu disk network in one view,vmstat;top,Replaces the need to run several monitoring tools at once.
C21-06,21,glances,Cross-platform system monitoring dashboard,glances,glances,None,Performance,Easy,Safe,dashboard;system overview;monitor everything,htop;dstat,"Gives a single friendly dashboard of CPU, memory, disk, and network."
C22-01,22,mysql,Connect to and query a MySQL/MariaDB database,mysql -u <user> -p,mysql -u root -p,-u -p -e,Database,Hard,Caution,mysql shell;query database;sql,psql;sqlite3,Be careful running UPDATE or DELETE without a WHERE clause.
C22-02,22,psql,Connect to and query a PostgreSQL database,psql -U <user> -d <database>,psql -U postgres -d mydb,-U -d,Database,Hard,Caution,postgres shell;query database;sql,mysql;sqlite3,Same caution applies here about unguarded UPDATE and DELETE.
C22-03,22,sqlite3,Open and query a SQLite database file,sqlite3 <file.db>,sqlite3 app.db,None,Database,Medium,Caution,lightweight database;local sql;sqlite shell,mysql;psql,Great for small projects since the whole database is a single file.
C22-04,22,redis-cli,Interact with a Redis in-memory database,redis-cli [command],redis-cli ping,-h -p,Database,Medium,Caution,cache;key value store;redis shell,mysql,"FLUSHALL deletes every key, so use it deliberately."
C22-05,22,mongosh,Connect to and query a MongoDB database,mongosh [connection_string],mongosh mongodb://localhost:27017,None,Database,Hard,Caution,mongodb shell;nosql;document database,redis-cli;mysql,The modern replacement for the older mongo shell.
C23-01,23,case,Multi-branch conditional in a script,case $var in pattern) ...; esac,case $1 in start) echo go;; esac,None,Scripting,Hard,Safe,switch statement;multiple conditions,if,Cleaner than many chained if/elif statements.
C23-02,23,until,Repeat a loop until a condition becomes true,until [ condition ]; do ...; done,until [ -f ready.txt ]; do sleep 1; done,None,Scripting,Medium,Safe,loop until;wait until;repeat until true,while,Opposite logic to a while loop.
C23-03,23,break,Exit a loop early,break,break,None,Scripting,Easy,Safe,exit loop;stop loop early,for;while,Commonly used with an if condition inside a loop.
C23-04,23,continue,Skip to the next loop iteration,continue,continue,None,Scripting,Easy,Safe,skip iteration;next loop step,for;while,Skips the rest of the current pass through the loop.
C23-05,23,local,Declare a variable scoped to a function,local <variable>=<value>,local count=0,None,Scripting,Medium,Safe,local variable;function scope,function,Prevents a function's variables from leaking into the rest of the script.
C23-06,23,declare,Declare a variable with specific attributes,declare -<option> <variable>,declare -i number=5,-i -r -a,Scripting,Hard,Safe,typed variable;readonly;declare array,export;local,-r makes a variable read-only for the rest of the script.
C23-07,23,shift,Shift script positional arguments left,shift [n],shift 2,None,Scripting,Hard,Safe,positional arguments;shift args,getopts,"Commonly used while processing $1, $2, and so on in a loop."
C23-08,23,getopts,Parse command-line flags inside a script,getopts <optstring> <variable>,"while getopts ""f:v"" opt; do ...; done",None,Scripting,Hard,Safe,parse flags;command line options;argument parsing,shift,The standard way to support -f value style flags in bash scripts.
C23-09,23,eval,Execute a string as a shell command,eval <string>,"eval ""echo hello""",None,Scripting,Hard,Dangerous,execute string;dynamic command,exec,Can execute unintended commands if the string comes from untrusted input.
C23-10,23,exec,Replace the current shell process with a command,exec <command>,exec bash,None,Scripting,Hard,Caution,replace process;run in place,eval,Does not return to the original script once run.
C24-01,24,git submodule,Manage nested git repositories inside a project,git submodule <command>,git submodule update --init,update init,Git,Hard,Caution,nested repo;submodule;linked repository,git clone,Easy to forget to initialize after cloning a project that uses them.
C24-02,24,git worktree,Check out multiple branches into separate folders,git worktree add <path> <branch>,git worktree add ../hotfix hotfix,add list remove,Git,Hard,Safe,multiple branches;parallel checkout,git branch;git checkout,Lets you work on two branches at once without stashing.
C24-03,24,git cherry-pick,Apply a specific commit from another branch,git cherry-pick <commit>,git cherry-pick abc1234,None,Git,Hard,Caution,apply single commit;selective merge,git merge;git log,Can cause conflicts if the surrounding code has diverged.
C24-04,24,git bisect,Binary search through history to find a bad commit,git bisect start,git bisect start,good bad,Git,Hard,Safe,find bug;binary search commits;regression hunting,git log,Great for tracking down exactly when a bug was introduced.
C24-05,24,git reflog,Show a log of where HEAD has pointed,git reflog,git reflog,None,Git,Hard,Safe,recover commit;lost commit;history of head,git reset;git log,Often the way to recover a commit after a bad reset.
C24-06,24,git describe,Describe the current commit using the nearest tag,git describe,git describe --tags,--tags,Git,Medium,Safe,version string;commit description,git tag,Useful for generating version numbers in build scripts.
C24-07,24,git fsck,Check the integrity of the repository's objects,git fsck,git fsck,None,Git,Hard,Safe,repository integrity;check corruption,git gc,"Rarely needed, mostly for diagnosing a corrupted repo."
C24-08,24,git gc,Clean up and optimize a local repository,git gc,git gc,--aggressive,Git,Medium,Safe,cleanup repo;optimize;garbage collect,git fsck,Compresses history and removes unreachable objects.
C24-09,24,git apply,Apply a patch file to the working directory,git apply <patch>,git apply fix.patch,--check,Git,Hard,Caution,apply patch;manual merge,git diff;git am,--check verifies the patch will apply cleanly first.
C24-10,24,git format-patch,Generate patch files from commits,git format-patch <range>,git format-patch -1 HEAD,-1,Git,Hard,Safe,create patch;export commit;email patch,git apply;git am,Common in projects that review changes via email.
C24-11,24,git am,Apply patches created by format-patch,git am <patch>,git am 0001-fix.patch,--abort,Git,Hard,Caution,apply email patch;import commit,git format-patch,--abort cancels an in-progress apply if something goes wrong.
C24-12,24,git shortlog,Summarize commits grouped by author,git shortlog,git shortlog -sn,-sn,Git,Medium,Safe,contributor summary;commits per author,git log,Handy for seeing who contributed what to a project.
C24-13,24,gh repo,Manage GitHub repositories from the CLI,gh repo <command>,gh repo create,create clone view,Git,Medium,Safe,github cli;create repo;manage repo,git clone;gh pr,Requires the GitHub CLI (gh) to be installed and authenticated.
C24-14,24,gh pr,Manage GitHub pull requests from the CLI,gh pr <command>,gh pr create,create list merge,Git,Medium,Caution,pull request;github cli;code review,git push;gh repo,Lets you open and review pull requests without leaving the terminal.
C24-15,24,gh issue,Manage GitHub issues from the CLI,gh issue <command>,gh issue list,create list close,Git,Easy,Safe,github issues;bug tracker;task tracking,gh pr,Useful for quickly triaging issues from the terminal.
C25-01,25,podman,Run containers without a background daemon,podman run <image>,podman run -it ubuntu bash,-it,Docker,Medium,Caution,daemonless containers;docker alternative,docker run,Command syntax is nearly identical to Docker.
C25-02,25,docker network,Manage docker networks,docker network <command>,docker network ls,ls create inspect,Docker,Hard,Safe,container networking;list networks,docker run,Useful when containers need to talk to each other.
C25-03,25,docker volume,Manage docker persistent storage volumes,docker volume <command>,docker volume ls,ls create rm,Docker,Hard,Caution,persistent storage;container data,docker run;docker rm,Removing a volume permanently deletes the data inside it.
C25-04,25,kubectl get,List Kubernetes resources,kubectl get <resource>,kubectl get pods,-n,Cloud,Hard,Safe,kubernetes;list pods;cluster resources,kubectl describe,-n specifies the namespace to look in.
C25-05,25,kubectl apply,Create or update Kubernetes resources from a file,kubectl apply -f <file>,kubectl apply -f deployment.yaml,-f,Cloud,Hard,Caution,deploy to kubernetes;apply config,kubectl get,Changes take effect immediately in the cluster.
C25-06,25,kubectl describe,Show detailed information about a resource,kubectl describe <resource> <name>,kubectl describe pod my-pod,None,Cloud,Hard,Safe,pod details;debug kubernetes;resource info,kubectl get,Great first step when a pod isn't behaving as expected.
C25-07,25,kubectl logs,Show logs from a Kubernetes pod,kubectl logs <pod>,kubectl logs my-pod,-f,Cloud,Hard,Safe,pod logs;container output;kubernetes debug,kubectl describe,-f follows the log output live.
C25-08,25,aws,Interact with Amazon Web Services from the CLI,aws <service> <command>,aws s3 ls,configure s3 ec2,Cloud,Hard,Caution,aws cli;cloud storage;cloud compute,gcloud,Needs credentials configured first with aws configure.
C25-09,25,gcloud,Interact with Google Cloud Platform from the CLI,gcloud <group> <command>,gcloud compute instances list,init auth,Cloud,Hard,Caution,google cloud cli;cloud resources,aws,Needs authentication set up first with gcloud init.
C26-01,26,7z,Compress or extract 7-Zip archives,7z <command> <archive>,7z x backup.7z,x a l,Archives,Medium,Caution,7zip;extract archive;high compression,zip;tar,Usually needs installing separately (p7zip-full).
C26-02,26,xz,Compress a file with high compression ratio,xz <file>,xz notes.txt,-d -k,Archives,Medium,Caution,compress;xz format;high compression,gzip;tar,Slower than gzip but produces smaller files.
C26-03,26,bzip2,Compress a file using the bzip2 algorithm,bzip2 <file>,bzip2 notes.txt,-d -k,Archives,Medium,Caution,compress;bzip2 format,gzip;xz,Common for .tar.bz2 archives.
C26-04,26,cpio,Copy files to and from an archive (legacy format),cpio [options],find . | cpio -ov > archive.cpio,-o -i -v,Archives,Hard,Caution,legacy archive;copy files to archive,tar,"Older format, mostly seen in initramfs images."
C26-05,26,cowsay,Print text inside an ASCII cow speech bubble,cowsay <text>,"cowsay ""Hello Orbit""",-f,Terminal Fun,Easy,Safe,fun;ascii art;terminal joke,echo,"Purely for fun, needs installing with apt."
C26-06,26,neofetch,Display system info with ASCII art,neofetch,neofetch,None,Terminal Fun,Easy,Safe,system info;ascii art;show off specs,uname;lscpu,A popular way to show off your Linux setup in screenshots.
C27-01,27,adduser,Interactively create a new user (Debian/Ubuntu friendly),sudo adduser <username>,sudo adduser malaika,None,Permissions,Medium,Caution,create user;new account;friendlier useradd,useradd;userdel,"Asks interactive questions, easier for beginners than useradd."
C27-02,27,deluser,Remove a user account (Debian/Ubuntu friendly),sudo deluser <username>,sudo deluser testuser,--remove-home,Permissions,Medium,Dangerous,remove user;delete account,adduser;userdel,--remove-home also deletes their home directory.
C27-03,27,chage,View or change password expiration policy,sudo chage <username>,sudo chage -l malaika,-l -M,Permissions,Hard,Caution,password expiry;account policy,passwd,-l lists the current expiration settings for an account.
C27-04,27,ulimit,Show or set resource limits for the current shell,ulimit [options],ulimit -a,-a -n,Permissions,Hard,Safe,resource limits;max open files;system limits,ps,Useful for diagnosing 'too many open files' errors.
C27-05,27,lastlog,Show the most recent login for every user,lastlog,lastlog,None,Permissions,Medium,Safe,last login per user;login report,last;who,"Helpful for spotting accounts that never log in, or unexpected ones."
C28-01,28,rustc,Compile a Rust source file,rustc <file.rs>,rustc main.rs,-o,Development,Hard,Safe,compile rust;build rust program,cargo;gcc,Produces a standalone binary directly.
C28-02,28,cargo,Build and manage Rust projects and dependencies,cargo <command>,cargo build,build run test,Development,Medium,Safe,rust package manager;build project;run rust,rustc,Rust's equivalent of npm and pip combined.
C28-03,28,go build,Compile a Go program into a binary,go build <file.go>,go build main.go,-o,Development,Medium,Safe,compile go;build golang program,go run,Produces a standalone executable with no external dependencies needed.
C28-04,28,go run,Compile and immediately run a Go program,go run <file.go>,go run main.go,None,Development,Easy,Safe,run go;golang quick run,go build,Great for quickly testing small Go programs.
C28-05,28,javac,Compile Java source code into bytecode,javac <file.java>,javac Main.java,-d,Development,Medium,Safe,compile java;build java program,java,Produces a .class file that the java command can run.
C28-06,28,java,Run a compiled Java program,java <ClassName>,java Main,-jar,Development,Easy,Safe,run java;execute bytecode,javac,-jar runs a packaged Java application.
C28-07,28,ruby,Run a Ruby script,ruby <file.rb>,ruby script.rb,-v,Development,Easy,Safe,run ruby;ruby interpreter,python3,Ruby's syntax reads close to plain English.
C28-08,28,perl,Run a Perl script,perl <file.pl>,perl script.pl,-e,Development,Medium,Safe,run perl;text processing scripts,sed;awk,Historically very strong at text processing tasks.
C28-09,28,php,Run a PHP script from the command line,php <file.php>,php script.php,-v,Development,Easy,Safe,run php;server side script,python3,Also commonly run through a web server rather than the terminal.
C29-01,29,pytest,Run Python tests,pytest [path],pytest tests/,-v -k,Development,Medium,Safe,run tests;unit testing;python testing,python3,-k runs only tests matching a keyword.
C29-02,29,flake8,Check Python code for style issues,flake8 [path],flake8 lumera_orbit.py,--max-line-length,Development,Medium,Safe,lint python;code style;style checker,black;pylint,Catches style issues without changing your code.
C29-03,29,black,Automatically format Python code,black <path>,black lumera_orbit.py,--check,Development,Easy,Caution,format code;auto formatter;python style,flake8,--check previews changes without writing them.
C29-04,29,mypy,Check Python type hints for errors,mypy <path>,mypy lumera_orbit.py,--strict,Development,Hard,Safe,type checking;static analysis;python types,pytest,Catches type mismatches before you even run the code.
C29-05,29,pylint,Analyze Python code for errors and style,pylint <path>,pylint lumera_orbit.py,--disable,Development,Medium,Safe,code analysis;lint python;find bugs,flake8,More thorough but stricter than flake8 by default.
C29-06,29,jupyter,Launch a Jupyter notebook server,jupyter notebook,jupyter notebook,lab,Development,Easy,Safe,notebook;interactive python;data science,python3,Great for experimenting with ML code interactively.
C29-07,29,tox,Run tests across multiple Python environments,tox,tox,-e,Development,Hard,Safe,test automation;multiple environments,pytest;venv,Common in open-source Python projects for CI testing.
C29-08,29,coverage,Measure how much code your tests exercise,coverage run <script>,coverage run -m pytest,report html,Development,Medium,Safe,test coverage;untested code;coverage report,pytest,'coverage report' shows the percentage covered per file.
C30-01,30,tcpdump,Capture and inspect network packets,sudo tcpdump [options],sudo tcpdump -i eth0,-i -w,Security,Hard,Caution,packet capture;sniff traffic;network analysis,tshark;ss,Only capture traffic on networks you own or have permission to monitor.
C30-02,30,tshark,Command-line version of Wireshark for packet capture,tshark [options],tshark -i eth0,-i -r,Security,Hard,Caution,packet analysis;wireshark cli;traffic inspection,tcpdump,Same legal boundaries as tcpdump apply here.
C30-03,30,hydra,Test login credentials against network services,hydra [options] <target> <service>,hydra -l admin -P wordlist.txt ssh://target,-l -P,Security,Hard,Dangerous,password testing;brute force;credential testing,john;ssh,Only use against systems you own or are explicitly authorized to test.
C30-04,30,john,Crack password hashes for security testing,john <hashfile>,john hashes.txt,--wordlist,Security,Hard,Dangerous,password cracking;hash cracking;security audit,hashcat;hydra,Short for 'John the Ripper'. Only test hashes you're authorized to.
C30-05,30,hashcat,GPU-accelerated password hash cracking,hashcat [options] <hashfile>,hashcat -m 0 hashes.txt wordlist.txt,-m -a,Security,Hard,Dangerous,password cracking;hash cracking;gpu cracking,john,Extremely fast but only ethical when used on authorized targets.
C30-06,30,aircrack-ng,Assess Wi-Fi network security,aircrack-ng <capture_file>,aircrack-ng capture.cap,-w,Security,Hard,Dangerous,wifi security testing;wireless audit,tcpdump,Only test networks you own or have written authorization to assess.
C30-07,30,sqlmap,Automated tool for detecting SQL injection flaws,sqlmap -u <url>,"sqlmap -u ""http://test.site/page?id=1""",--batch,Security,Hard,Dangerous,sql injection testing;web app security,nikto;gobuster,Only run against applications you own or have permission to test.
C30-08,30,nikto,Scan a web server for common vulnerabilities,nikto -h <host>,nikto -h http://testsite.local,-h,Security,Hard,Caution,web vulnerability scan;server security check,sqlmap;gobuster,"Generates noticeable traffic, never run against a site without permission."
C30-09,30,gobuster,Brute-force directories and files on a web server,gobuster dir -u <url> -w <wordlist>,gobuster dir -u http://testsite.local -w wordlist.txt,-u -w,Security,Hard,Caution,directory brute force;content discovery,nikto;sqlmap,Only run against your own test environments or authorized targets.
C30-10,30,msfconsole,Launch the Metasploit exploitation framework,msfconsole,msfconsole,None,Security,Hard,Dangerous,exploitation framework;penetration testing,searchsploit,A professional pentesting tool. Only use in a legal lab or authorized engagement.
C30-11,30,searchsploit,Search a local database of known exploits,searchsploit <term>,searchsploit wordpress,-w,Security,Medium,Caution,exploit database;vulnerability research,msfconsole,"Good for research, using found exploits still requires authorization."
C30-12,30,wireshark,Graphical network protocol analyzer,wireshark,wireshark,None,Security,Hard,Caution,packet analysis gui;network inspection,tshark;tcpdump,The graphical counterpart to tshark.
C31-01,31,screen,Run persistent terminal sessions,screen,screen -S mysession,-S -r,Terminal,Medium,Safe,persistent session;detachable terminal,tmux;nohup,"Detach with Ctrl+A then D, reattach with screen -r."
C31-02,31,tmux,Modern terminal multiplexer with panes and windows,tmux,tmux new -s mysession,new attach,Terminal,Medium,Safe,persistent session;split panes;terminal multiplexer,screen;nohup,"Detach with Ctrl+B then D, reattach with tmux attach."
C31-03,31,byobu,Friendlier wrapper around screen or tmux,byobu,byobu,None,Terminal,Easy,Safe,easier multiplexer;session manager,tmux;screen,Adds a helpful status bar and easier keybindings.
C31-04,31,disown,Detach a background job from the current shell,disown [job],disown %1,-a,Terminal,Hard,Safe,detach job;keep running after logout,jobs;nohup,Lets a background job survive even if the shell exits.
C32-01,32,bc,Command-line calculator,bc,"echo ""5+3"" | bc",-l,Terminal,Easy,Safe,calculator;math;arithmetic,expr,-l enables floating point math functions.
C32-02,32,expr,Evaluate a simple expression,expr <expression>,expr 5 + 3,None,Terminal,Medium,Safe,calculate;evaluate expression,bc,Mostly used inside older shell scripts.
C32-03,32,seq,Generate a sequence of numbers,seq <first> <last>,seq 1 10,-s,Terminal,Easy,Safe,number range;generate numbers,for,Handy for driving loops or generating test data.
C32-04,32,yes,Repeatedly print a string until stopped,yes [string],yes hello,None,Terminal,Easy,Safe,repeat output;infinite print,echo,"Runs forever until you press Ctrl+C, often piped into other commands."
C32-05,32,nproc,Show the number of available CPU cores,nproc,nproc,--all,System,Easy,Safe,cpu core count;parallel jobs,lscpu,Useful for deciding how many parallel jobs to run.
C32-06,32,factor,Show the prime factors of a number,factor <number>,factor 60,None,Terminal,Easy,Safe,prime factors;math,expr,"A fun, simple number theory utility."
C32-07,32,shuf,Randomly shuffle lines of input,shuf <file>,shuf names.txt,-n,Terminal,Easy,Safe,random order;shuffle lines,sort,-n limits the output to a number of random lines.
C32-08,32,true,Do nothing and return success,true,true,None,Scripting,Easy,Safe,always succeed;placeholder command,false,Often used as a placeholder in scripts.
C32-09,32,false,Do nothing and return failure,false,false,None,Scripting,Easy,Safe,always fail;placeholder command,true,Useful for testing error-handling logic in scripts.
C33-01,33,hostnamectl,Show or set the system hostname,hostnamectl,hostnamectl,set-hostname,System,Medium,Caution,hostname;system identity,hostname,"Changes here persist across reboots, unlike the plain hostname command."
C33-02,33,timedatectl,"Show or set the system date, time, and timezone",timedatectl,timedatectl,set-timezone,System,Medium,Caution,timezone;system clock;date settings,date;hwclock,Also controls whether the clock syncs automatically over the network.
C33-03,33,hwclock,Read or set the hardware clock,sudo hwclock,sudo hwclock --show,--set,System,Hard,Caution,hardware clock;bios clock,timedatectl,The hardware clock keeps time even when the machine is powered off.
C33-04,33,lsof,List open files and the processes using them,lsof [options],lsof -i :8080,-i -u,System,Hard,Safe,open files;what is using this port;file handles,fuser;ss,-i shows which process is using a specific network port.
C33-05,33,fuser,Show which processes are using a file or port,fuser <file_or_port>,fuser -k 8080/tcp,-k,System,Hard,Caution,find process using file;kill by port,lsof;kill,-k kills whatever process is using that resource.
C33-06,33,pstree,Show running processes as a tree,pstree,pstree,-p,System,Easy,Safe,process tree;parent child processes,ps;top,Makes it easy to see which process spawned which.
C33-07,33,apropos,Search man page descriptions by keyword,apropos <keyword>,apropos copy,None,Help,Easy,Safe,search commands;find command by topic,man;whatis,Useful when you know what you want to do but not the command name.
C33-08,33,whatis,Show a one-line description of a command,whatis <command>,whatis ls,None,Help,Easy,Safe,quick description;short help,man;apropos,Faster than opening the full man page.
C34-01,34,apt-cache,Query information about available packages,apt-cache <command> [package],apt-cache show curl,search show,Packages,Medium,Safe,package info;search packages,apt,Useful for checking a package's details before installing it.
C34-02,34,apt list,List installed or available packages,apt list [options],apt list --installed,--installed --upgradable,Packages,Easy,Safe,list installed;check for updates,apt,--upgradable shows what has a newer version available.
C34-03,34,dpkg -L,List files installed by a package,dpkg -L <package>,dpkg -L curl,None,Packages,Medium,Safe,package contents;what files did this install,dpkg;apt,Handy for finding exactly what a package placed on your system.
C34-04,34,snap info,Show detailed information about a snap package,snap info <package>,snap info code,None,Packages,Easy,Safe,snap details;package info,snap,"Shows the version, channels, and publisher of a snap."
C34-05,34,flatpak,Install and manage Flatpak sandboxed applications,flatpak <command>,flatpak install app,install run list,Packages,Medium,Caution,sandboxed app;flatpak install,snap;apt,"Another sandboxed packaging format, common for desktop apps."
C34-06,34,pip show,Show details about an installed Python package,pip show <package>,pip show pandas,None,Packages,Easy,Safe,package details;check version,pip list,"Shows version, location, and dependencies of a package."
C34-07,34,npm outdated,List Node packages with newer versions available,npm outdated,npm outdated,None,Packages,Easy,Safe,check updates;outdated packages,npm install,Run before upgrading dependencies in a Node project.
C34-08,34,yarn,Alternative package manager for Node.js,yarn <command>,yarn add express,add install,Packages,Easy,Caution,node package manager;alternative to npm,npm,Often faster than npm due to better caching.
C35-01,35,svn,Interact with a Subversion version control repository,svn <command>,svn checkout http://repo/url,checkout commit update,Git,Hard,Caution,subversion;centralized version control,git,"Centralized model, unlike git's distributed approach."
C35-02,35,hg,Interact with a Mercurial version control repository,hg <command>,hg clone http://repo/url,clone commit push,Git,Hard,Safe,mercurial;distributed version control,git,Similar distributed model to git with different command names.
C36-01,36,xdg-open,Open a file or URL with the default application,xdg-open <file_or_url>,xdg-open document.pdf,None,Development,Easy,Safe,open file;open in default app;open link,file,Useful in scripts that need to open something visually.
C36-02,36,notify-send,Send a desktop notification,notify-send <title> <message>,"notify-send ""Orbit"" ""Task complete""",-u,Development,Easy,Safe,desktop notification;alert;popup message,echo,Great for alerting yourself when a long script finishes.
C36-03,36,xclip,Copy or paste using the system clipboard,xclip [options] <file>,cat notes.txt | xclip -selection clipboard,-selection,Development,Medium,Safe,clipboard;copy to clipboard from terminal,cat,Bridges the terminal and the graphical clipboard.
C36-04,36,import,Take a screenshot from the command line,import <file.png>,import screenshot.png,-window,Development,Medium,Safe,screenshot;capture screen,xdg-open,"Part of the ImageMagick suite, click to select an area."
C37-01,37,borg,Deduplicating backup tool with encryption,borg <command>,borg create repo::archive path,create extract,Archives,Hard,Safe,encrypted backup;deduplication;versioned backup,rsync;restic,"Great for space-efficient, encrypted backups over time."
C37-02,37,restic,"Fast, encrypted backup tool for multiple storage backends",restic <command>,restic backup /home,backup restore,Archives,Hard,Safe,encrypted backup;cloud backup,borg;rsync,Supports backing up directly to cloud storage providers.
C37-03,37,timeshift,Create and restore system snapshots,sudo timeshift <command>,sudo timeshift --create,--create --restore,Archives,Medium,Caution,system snapshot;restore point;system backup,rsync,Similar in concept to System Restore on Windows.
C38-01,38,emacs,Highly extensible text editor and computing environment,emacs [file],emacs notes.txt,-nw,Development,Hard,Safe,text editor;extensible editor,vim;nano,-nw runs it inside the terminal instead of opening a window.
C39-01,39,mysqldump,Export a MySQL database to a file,mysqldump -u <user> -p <database>,mysqldump -u root -p mydb > backup.sql,-u -p,Database,Medium,Caution,database backup;export sql;dump database,mysql,The resulting .sql file can recreate the database elsewhere.
C39-02,39,pg_dump,Export a PostgreSQL database to a file,pg_dump <database>,pg_dump mydb > backup.sql,-U -d,Database,Medium,Caution,database backup;export postgres;dump database,psql,Commonly paired with pg_restore to bring a database back.
C40-01,40,tac,Print a file's lines in reverse order,tac <file>,tac notes.txt,None,Text,Easy,Safe,reverse lines;print backwards,cat;rev,"Opposite of cat, useful for reading logs newest-first."
C40-02,40,pr,"Format text for printing, with headers and page breaks",pr <file>,pr notes.txt,-l,Text,Hard,Safe,format for print;paginate text,fmt;fold,Mostly relevant when preparing text for an actual printer.
C40-03,40,colrm,Remove specified columns from each line,colrm <start> <end>,cut -c1-5 file.txt | colrm 3 4,None,Text,Hard,Safe,remove columns;trim text,cut,"Less flexible than cut, but simple for quick edits."
C40-04,40,look,Find lines in a sorted file starting with a string,look <string> <file>,look mal names.txt,None,Text,Medium,Safe,prefix search;dictionary lookup,grep,"Very fast, but the file must already be sorted."
C41-01,41,socat,Relay data between two network endpoints,socat <address1> <address2>,socat TCP-LISTEN:8080 TCP:localhost:80,None,Network,Hard,Caution,port forwarding;relay traffic;proxy connection,nc,"Extremely flexible, sometimes called 'netcat on steroids'."
C42-01,42,taskset,Bind a process to specific CPU cores,taskset -c <cores> <command>,"taskset -c 0,1 ./script.sh",-c -p,Processes,Hard,Caution,cpu affinity;pin process to core,nice;ps,Useful for performance tuning on multi-core systems.
C42-02,42,chrt,View or set a process's real-time scheduling policy,chrt [options] <command>,chrt -f 50 ./realtime_task,-f -r,Processes,Hard,Caution,real time priority;scheduling policy,nice;renice,Misuse can make a system unresponsive by starving other processes.
C43-01,43,inotifywait,Wait for changes to files or directories,inotifywait [options] <path>,inotifywait -m -r Documents/,-m -r,Development,Hard,Safe,watch file changes;monitor folder;file events,watch,Commonly used to trigger scripts automatically when files change.
C44-01,44,aa-status,Show the status of AppArmor security profiles,sudo aa-status,sudo aa-status,None,Security,Hard,Safe,apparmor status;mandatory access control;security profiles,aa-enforce,Ubuntu uses AppArmor to confine what programs are allowed to do.
C44-02,44,aa-enforce,Set an AppArmor profile to enforcing mode,sudo aa-enforce <profile>,sudo aa-enforce /etc/apparmor.d/usr.bin.firefox,None,Security,Hard,Caution,enforce security profile;apparmor,aa-status,Enforcing mode actively blocks disallowed actions rather than just logging them.
C45-01,45,docker stats,Show live resource usage for running containers,docker stats,docker stats,--no-stream,Docker,Medium,Safe,container resource usage;cpu memory per container,docker ps,"Similar to top, but for containers instead of processes."
C45-02,45,docker inspect,Show detailed low-level info about a container or image,docker inspect <name>,docker inspect my_container,None,Docker,Medium,Safe,container details;image metadata;debug container,docker ps,Returns a large JSON object with full configuration details.
C45-03,45,docker cp,Copy files between a container and the host,docker cp <src> <dest>,docker cp my_container:/app/log.txt ./log.txt,None,Docker,Medium,Safe,copy from container;extract file;copy to container,docker exec,Works in either direction depending on argument order.
C46-01,46,kubectl delete,Delete a Kubernetes resource,kubectl delete <resource> <name>,kubectl delete pod my-pod,-f,Cloud,Hard,Dangerous,delete pod;remove resource;kubernetes cleanup,kubectl get,"Deletes immediately, so double check the resource name first."
C46-02,46,kubectl exec,Run a command inside a Kubernetes pod,kubectl exec -it <pod> -- <command>,kubectl exec -it my-pod -- bash,-it,Cloud,Hard,Caution,enter pod;debug pod;run inside container,kubectl logs,"Similar in spirit to docker exec, but for a cluster pod."
C46-03,46,kubectl create,Create a Kubernetes resource imperatively,kubectl create <resource>,kubectl create namespace dev,namespace deployment,Cloud,Hard,Caution,create resource;new namespace,kubectl apply,kubectl apply is usually preferred for anything you'll update later.
C47-01,47,let,Perform arithmetic in a bash script,let <expression>,"let ""x = 5 + 3""",None,Scripting,Medium,Safe,arithmetic;calculate in script,expr;declare,"Older style, $(( )) is generally preferred today."
C47-02,47,unset,Remove a variable or function definition,unset <name>,unset MY_VAR,-f,Scripting,Medium,Safe,remove variable;clear variable,export;declare,-f unsets a function instead of a variable.
C47-03,47,readonly,Make a variable unchangeable for the rest of the script,readonly <variable>=<value>,readonly PI=3.14,None,Scripting,Medium,Safe,constant;immutable variable,declare,Attempting to change it afterward causes an error.
C48-01,48,locale,Show current language and regional settings,locale,locale,-a,Environment,Medium,Safe,language settings;region format;locale info,timedatectl,-a lists every locale installed on the system.
C48-02,48,tzselect,Interactively select a time zone,tzselect,tzselect,None,Environment,Medium,Safe,choose timezone;set timezone interactively,timedatectl,Walks you through continent and city prompts.
C49-01,49,unrar,Extract RAR archives,unrar x <archive.rar>,unrar x files.rar,x l,Archives,Medium,Caution,extract rar;unrar archive,unzip;7z,"Usually needs installing separately, RAR is a proprietary format."
C49-02,49,rar,Create RAR archives,rar a <archive.rar> <files>,rar a backup.rar Documents/,a,Archives,Medium,Safe,create rar archive;compress to rar,unrar;zip,"Less common on Linux since it's a paid, proprietary tool."
C49-03,49,ar,Create and manage Unix archive (.a) files,ar <options> <archive> <files>,ar rcs libtest.a file.o,rcs,Archives,Hard,Safe,static library;object archive,tar,Mostly used for building static libraries in C/C++ projects.
C50-01,50,poetry,Manage Python dependencies and packaging,poetry <command>,poetry install,install add build,Packages,Medium,Safe,python dependency manager;packaging tool,pip;venv,Combines dependency management and virtual environments in one tool.
C50-02,50,pipenv,Manage a Python virtual environment and dependencies together,pipenv <command>,pipenv install requests,install shell,Packages,Medium,Safe,python env manager;combined pip and venv,pip;venv,Creates and manages the virtual environment for you automatically.
C50-03,50,nvm,Manage multiple installed versions of Node.js,nvm <command>,nvm install 20,install use,Packages,Medium,Safe,node version manager;switch node versions,npm;node,Lets different projects use different Node.js versions.
C50-04,50,corepack,Manage package manager versions for Node.js projects,corepack <command>,corepack enable,enable prepare,Packages,Medium,Safe,package manager version;yarn pnpm manager,npm;yarn,Ships with modern Node.js to standardize yarn and pnpm versions.
C51-01,51,http,User-friendly command-line HTTP client (HTTPie),http <method> <url>,http GET https://api.example.com/data,POST PUT,Network,Easy,Caution,http request;api testing;httpie,curl,Friendlier output formatting than curl for testing APIs.
C52-01,52,link,Create a hard link to a file (low level),link <target> <link_name>,link file.txt file2.txt,None,Files,Hard,Caution,hard link;low level link,ln;unlink,ln is generally preferred as the friendlier interface.
C52-02,52,unlink,Remove a single file (low level),unlink <file>,unlink notes.txt,None,Files,Hard,Caution,remove single file;low level delete,rm;link,"Unlike rm, it can only remove one file per call and never a directory."
C52-03,52,mkfifo,Create a named pipe (FIFO),mkfifo <name>,mkfifo mypipe,None,Files,Hard,Safe,named pipe;interprocess communication,mknod,Lets two separate processes communicate through a special file.
C52-04,52,mknod,"Create a special file (device node, pipe, etc.)",sudo mknod <name> <type>,sudo mknod mypipe p,p c b,Files,Hard,Dangerous,device node;special file;low level file creation,mkfifo,Rarely needed directly on a modern desktop system.
C52-05,52,numfmt,Convert numbers between human-readable and raw formats,numfmt --to=<unit> <number>,numfmt --to=iec 1048576,--to --from,Text,Hard,Safe,format numbers;human readable size;convert units,du;df,Useful in scripts that need to display byte counts nicely.
C52-06,52,pathchk,Check whether a file name or path is valid and portable,pathchk <path>,pathchk /some/long/path,-p,Files,Hard,Safe,validate path;check filename;portability check,basename,Mostly used defensively inside scripts.
C52-07,52,stdbuf,Adjust the buffering of a command's input or output,stdbuf -o<mode> <command>,stdbuf -oL tail -f log.txt,-i -o,Development,Hard,Safe,buffering;line buffered output;pipe timing,tail;tee,Useful when piping a program's output somewhere and it seems delayed.
C52-08,52,sum,Compute a simple checksum for a file (legacy),sum <file>,sum file.txt,None,Security,Medium,Safe,simple checksum;legacy hash,md5sum;sha256sum,Weaker and older than md5sum or sha256sum.
C52-09,52,tsort,Perform a topological sort on dependency pairs,tsort <file>,tsort dependencies.txt,None,Text,Hard,Safe,dependency order;topological sort,sort,Used internally by some build systems to order compilation steps.
C52-10,52,dircolors,Set up colors used by ls for different file types,dircolors,dircolors -p,-p,Terminal,Hard,Safe,ls colors;terminal colors;color scheme,ls,Generates shell code you can add to your .bashrc.
C52-11,52,pinky,Show lightweight information about logged-in users,pinky [user],pinky,-l,Permissions,Hard,Safe,user info;lightweight finger command,who;last,A lighter-weight relative of the classic finger command.
C52-12,52,vdir,List directory contents in a long format (like ls -l),vdir [path],vdir Documents,None,Files,Easy,Safe,list files long format;directory listing,ls,Equivalent to running ls -l by default.
C52-13,52,chcon,Change the SELinux security context of a file,chcon <context> <file>,chcon -t httpd_sys_content_t file.html,-t,Security,Hard,Dangerous,selinux;security context;label file,runcon,"Mostly relevant on SELinux-based systems like Fedora and RHEL, not default Ubuntu."
C52-14,52,runcon,Run a command with a specific SELinux security context,runcon <context> <command>,runcon -t user_t ./script.sh,-t,Security,Hard,Dangerous,selinux;run with context,chcon,Also mainly relevant on SELinux-based distributions.
C53-01,53,ethtool,Query or configure Ethernet device settings,ethtool <interface>,ethtool eth0,-S,Network,Hard,Safe,network card settings;ethernet speed;nic info,ip;ss,Useful for checking link speed and duplex settings.
C53-02,53,iwlist,Scan for available wireless networks (legacy),iwlist <interface> scan,iwlist wlan0 scan,scan,Network,Medium,Safe,wifi scan;available networks;legacy wireless,nmcli;iwconfig,Largely replaced by nmcli on modern Ubuntu systems.
C53-03,53,hciconfig,Configure Bluetooth devices (legacy),hciconfig,hciconfig -a,-a,Network,Hard,Safe,bluetooth device info;legacy bluetooth,bluetoothctl,Mostly replaced by bluetoothctl on modern systems.
C53-04,53,bluetoothctl,Interactive Bluetooth device manager,bluetoothctl,bluetoothctl,scan pair,Network,Medium,Safe,pair bluetooth device;bluetooth manager,hciconfig,"The modern, interactive way to manage Bluetooth from the terminal."
C53-05,53,rfkill,Enable or disable wireless devices (block/unblock radios),rfkill <command>,rfkill list,list block unblock,Network,Medium,Safe,wifi kill switch;disable wireless;airplane mode,nmcli,Handy for toggling Wi-Fi or Bluetooth entirely off.
C54-01,54,binwalk,Analyze and extract data embedded in binary files,binwalk <file>,binwalk firmware.bin,-e,Security,Hard,Safe,firmware analysis;embedded files;extract binary data,strings;file,Popular for analyzing router and IoT firmware images.
C54-02,54,radare2,Open-source reverse engineering framework,r2 <file>,r2 ./a.out,-A,Security,Hard,Safe,reverse engineering;disassembler;binary analysis,gdb;objdump,Extremely powerful but has a steep learning curve.
C54-03,54,volatility,Analyze memory dumps for forensic investigation,volatility -f <dump> <plugin>,volatility -f memory.dmp pslist,-f,Security,Hard,Safe,memory forensics;incident response;memory dump analysis,strings,Used heavily in digital forensics and incident response work.
C54-04,54,foremost,Recover deleted files from a disk image by file signature,foremost -i <image> -o <output>,foremost -i disk.img -o recovered/,-i -o,Security,Hard,Safe,file carving;data recovery;forensics,binwalk,Works by scanning for known file header patterns.
C54-05,54,exiftool,Read and edit metadata embedded in files,exiftool <file>,exiftool photo.jpg,-all=,Security,Medium,Safe,metadata;exif data;file information;privacy check,file,Useful for checking (or stripping) hidden metadata like GPS location in photos.
C54-06,54,steghide,Hide or extract data within image or audio files,steghide embed -cf <file> -ef <data>,steghide embed -cf photo.jpg -ef secret.txt,embed extract,Security,Hard,Safe,steganography;hidden data;embed file,exiftool,A classic tool for learning about steganography concepts.
C55-01,55,acpi,Show battery and power status,acpi,acpi -V,-V,System,Easy,Safe,battery status;power info;laptop battery,uptime,Especially useful on laptops.
C55-02,55,sensors,Show temperature and voltage sensor readings,sensors,sensors,None,System,Medium,Safe,cpu temperature;hardware sensors;fan speed,acpi,Needs lm-sensors installed and configured first.
C55-03,55,smartctl,Check hard drive and SSD health status,sudo smartctl -a <device>,sudo smartctl -a /dev/sda,-a -H,System,Hard,Safe,drive health;disk diagnostics;smart status,lsblk,Can warn you before a failing drive causes data loss.
C55-04,55,hdparm,View or set hard drive parameters,sudo hdparm <options> <device>,sudo hdparm -I /dev/sda,-I -t,System,Hard,Caution,drive parameters;disk performance;drive info,smartctl,"Some options can affect performance or power settings, read the man page first."
C55-05,55,badblocks,Scan a disk for bad sectors,sudo badblocks <device>,sudo badblocks -v /dev/sdb,-v -n,System,Hard,Dangerous,bad sectors;disk scan;destructive test option,smartctl,"Non-destructive by default, but some modes write test patterns to the disk."
C56-01,56,autoconf,Generate a configure script for building software,autoconf,autoconf,None,Development,Hard,Safe,build system;generate configure script,make;cmake,Part of the older GNU Autotools build toolchain.
C56-02,56,ldconfig,Update the shared library cache,sudo ldconfig,sudo ldconfig,-p,System,Hard,Caution,shared library cache;refresh libraries,ldd,Run after installing a new shared library so the system can find it.
C56-03,56,update-alternatives,Manage default versions of a command,sudo update-alternatives --config <name>,sudo update-alternatives --config python3,--config --install,System,Hard,Caution,default version;switch command version,which,Useful when multiple versions of a tool are installed side by side.
C57-01,57,nethogs,Show network bandwidth usage per process,sudo nethogs,sudo nethogs,None,Performance,Medium,Safe,bandwidth per process;which app uses internet,iftop;ss,Great for spotting a program silently using your bandwidth.
C57-02,57,iftop,Show real-time bandwidth usage by connection,sudo iftop,sudo iftop,-i,Performance,Medium,Safe,bandwidth monitor;network traffic by host,nethogs;ss,Shows which remote hosts are using the most bandwidth right now.
C57-03,57,bmon,Bandwidth monitor with a graphical terminal display,bmon,bmon,None,Performance,Medium,Safe,bandwidth graph;network monitor,iftop;nethogs,Shows a live graph of interface throughput in the terminal.
C58-01,58,rbenv,Manage multiple installed versions of Ruby,rbenv <command>,rbenv install 3.2.0,install global,Packages,Medium,Safe,ruby version manager;switch ruby versions,nvm;pyenv,"Similar concept to nvm, but for Ruby."
C58-02,58,jenv,Manage multiple installed versions of Java,jenv <command>,jenv add /path/to/jdk,add global,Packages,Medium,Safe,java version manager;switch jdk versions,rbenv;nvm,Handy when different projects need different JDK versions.
C59-01,59,openssl s_client,Test and inspect a TLS/SSL connection to a server,openssl s_client -connect <host>:<port>,openssl s_client -connect example.com:443,-connect,Security,Hard,Safe,test tls;check certificate;ssl debugging,openssl;certbot,Useful for diagnosing certificate and handshake problems.
C59-02,59,certbot,Obtain and renew free TLS certificates from Let's Encrypt,sudo certbot <command>,sudo certbot certonly --standalone,certonly renew,Security,Hard,Caution,free ssl certificate;lets encrypt;https setup,openssl,Automates a process that used to require a lot of manual certificate work.
C59-03,59,keytool,Manage Java keystores and certificates,keytool <command>,keytool -list -keystore mystore.jks,-genkey -list,Security,Hard,Caution,java keystore;certificate management,openssl,Used heavily in Java and Android app signing workflows.
C60-01,60,systemd-analyze,Analyze system boot performance,systemd-analyze,systemd-analyze blame,blame plot,System,Hard,Safe,boot time;startup performance;slow boot diagnosis,journalctl,'blame' shows which services are slowing down your boot.
C60-02,60,loginctl,Manage and inspect user login sessions,loginctl,loginctl list-sessions,list-sessions,Permissions,Hard,Safe,login sessions;active sessions;session manager,who;w,Part of systemd's session management tools.
C60-03,60,busctl,Inspect and interact with the D-Bus message bus,busctl,busctl list,list monitor,System,Hard,Safe,dbus;interprocess messaging;system bus,systemctl,Useful for debugging how desktop services talk to each other.
C61-01,61,anacron,Run scheduled jobs even if the machine was off,N/A (configured via /etc/anacrontab),N/A,None,Scheduling,Hard,Safe,catch up jobs;missed cron jobs;laptop scheduling,cron;crontab,Useful on laptops that aren't always powered on at the scheduled time.
C61-02,61,batch,Schedule a command to run when system load is low,batch,batch,None,Scheduling,Hard,Safe,run when idle;low load scheduling,at;cron,Waits for the system to be less busy before executing.
C62-01,62,xrandr,Configure display resolution and layout,xrandr,xrandr --output HDMI-1 --auto,--output --auto,Development,Hard,Safe,screen resolution;monitor layout;display settings,xdotool,Useful for configuring multiple monitors from the terminal.
C62-02,62,xdotool,"Simulate keyboard and mouse input, and manage windows",xdotool <command>,xdotool getactivewindow,getactivewindow key,Development,Hard,Caution,automate clicks;simulate keypress;window automation,xrandr,Powerful for automation and testing GUI applications.
C63-01,63,rclone,Sync files to and from cloud storage providers,rclone <command>,rclone sync ~/Documents remote:backup,sync copy,Network,Hard,Caution,cloud sync;cloud backup;rclone remote,rsync,Supports dozens of cloud providers with one unified tool.
C63-02,63,age,"Modern, simple file encryption tool",age -e -o <output> <file>,age -e -o secret.age notes.txt,-e -d,Security,Medium,Caution,file encryption;simple encryption;modern crypto,gpg;openssl,Designed to be much simpler to use correctly than gpg.
C63-03,63,pass,Command-line password manager using GPG,pass <command>,pass show email/gmail,insert show,Security,Medium,Caution,password manager;store credentials,gpg;age,Stores each password as an individually encrypted file.
C63-04,63,htpasswd,Create and manage password files for basic HTTP auth,htpasswd -c <file> <user>,htpasswd -c .htpasswd admin,-c,Security,Medium,Caution,web server password;basic auth;htpasswd file,openssl,Commonly used with Apache or nginx for simple password protection.
C63-05,63,openvpn,Connect to or host a VPN using the OpenVPN protocol,sudo openvpn <config.ovpn>,sudo openvpn client.ovpn,--config,Network,Hard,Caution,vpn connection;secure tunnel;openvpn client,wg;ssh,"Requires a valid configuration file, usually provided by the VPN service."
C63-06,63,wg,Configure WireGuard VPN interfaces,sudo wg <command>,sudo wg show,show,Network,Hard,Caution,wireguard;modern vpn;secure tunnel,openvpn,"A newer, simpler, and generally faster VPN protocol than OpenVPN."
C64-01,64,ncdu,"Interactive, terminal-based disk usage analyzer",ncdu [path],ncdu /home,None,Files,Easy,Safe,interactive disk usage;find large folders;disk analyzer,du;df,Much easier to navigate than reading du output manually.
C64-02,64,duf,"Modern, colorful replacement for df",duf,duf,None,Files,Easy,Safe,disk usage;modern df;colorful disk overview,df;ncdu,Presents disk space information in an easier-to-read format.
